Title,Description,BiocVersion,Genome,SourceType,SourceUrl,SourceVersion,Species,TaxonomyId,Coordinate_1_based,DataProvider,Maintainer,RDataClass,DispatchClass,ResourceName,Tags
HMP_2012.genefamilies_relab.anterior_nares,Relabeled genefamilies data from the HMP_2012 dataset specific to the anterior_nares bodysite.,3.4,,FASTQ,,,Homo Sapiens,9606,NA,"Department of Psychology, Abdul Haq Campus, Federal Urdu University for Arts, Science and Technology, Karachi, Pakistan. shahiq_psy@yahoo.com",Lucas Schiffer <schiffer.lucas@gmail.com>,ExpressionSet,Rda,HMP_2012.genefamilies_relab.anterior_nares.rda,"n, female, male, HMP_2012, genefamilies_relab, anterior_nares"
HMP_2012.genefamilies_relab.buccal_mucosa,Relabeled genefamilies data from the HMP_2012 dataset specific to the buccal_mucosa bodysite.,3.4,,FASTQ,,,Homo Sapiens,9606,NA,"Department of Psychology, Abdul Haq Campus, Federal Urdu University for Arts, Science and Technology, Karachi, Pakistan. shahiq_psy@yahoo.com",Lucas Schiffer <schiffer.lucas@gmail.com>,ExpressionSet,Rda,HMP_2012.genefamilies_relab.buccal_mucosa.rda,"n, female, male, HMP_2012, genefamilies_relab, buccal_mucosa"
HMP_2012.genefamilies_relab.hard_palate,Relabeled genefamilies data from the HMP_2012 dataset specific to the hard_palate bodysite.,3.4,,FASTQ,,,Homo Sapiens,9606,NA,"Department of Psychology, Abdul Haq Campus, Federal Urdu University for Arts, Science and Technology, Karachi, Pakistan. shahiq_psy@yahoo.com",Lucas Schiffer <schiffer.lucas@gmail.com>,ExpressionSet,Rda,HMP_2012.genefamilies_relab.hard_palate.rda,"n, male, HMP_2012, genefamilies_relab, hard_palate"
HMP_2012.genefamilies_relab.keratinized_gingiva,Relabeled genefamilies data from the HMP_2012 dataset specific to the keratinized_gingiva bodysite.,3.4,,FASTQ,,,Homo Sapiens,9606,NA,"Department of Psychology, Abdul Haq Campus, Federal Urdu University for Arts, Science and Technology, Karachi, Pakistan. shahiq_psy@yahoo.com",Lucas Schiffer <schiffer.lucas@gmail.com>,ExpressionSet,Rda,HMP_2012.genefamilies_relab.keratinized_gingiva.rda,"n, male, female, HMP_2012, genefamilies_relab, keratinized_gingiva"
HMP_2012.genefamilies_relab.l_retroauricular_crease,Relabeled genefamilies data from the HMP_2012 dataset specific to the l_retroauricular_crease bodysite.,3.4,,FASTQ,,,Homo Sapiens,9606,NA,"Department of Psychology, Abdul Haq Campus, Federal Urdu University for Arts, Science and Technology, Karachi, Pakistan. shahiq_psy@yahoo.com",Lucas Schiffer <schiffer.lucas@gmail.com>,ExpressionSet,Rda,HMP_2012.genefamilies_relab.l_retroauricular_crease.rda,"n, male, HMP_2012, genefamilies_relab, l_retroauricular_crease"
HMP_2012.genefamilies_relab.mid_vagina,Relabeled genefamilies data from the HMP_2012 dataset specific to the mid_vagina bodysite.,3.4,,FASTQ,,,Homo Sapiens,9606,NA,"Department of Psychology, Abdul Haq Campus, Federal Urdu University for Arts, Science and Technology, Karachi, Pakistan. shahiq_psy@yahoo.com",Lucas Schiffer <schiffer.lucas@gmail.com>,ExpressionSet,Rda,HMP_2012.genefamilies_relab.mid_vagina.rda,"n, female, HMP_2012, genefamilies_relab, mid_vagina"
HMP_2012.genefamilies_relab.palatine_tonsils,Relabeled genefamilies data from the HMP_2012 dataset specific to the palatine_tonsils bodysite.,3.4,,FASTQ,,,Homo Sapiens,9606,NA,"Department of Psychology, Abdul Haq Campus, Federal Urdu University for Arts, Science and Technology, Karachi, Pakistan. shahiq_psy@yahoo.com",Lucas Schiffer <schiffer.lucas@gmail.com>,ExpressionSet,Rda,HMP_2012.genefamilies_relab.palatine_tonsils.rda,"n, male, female, HMP_2012, genefamilies_relab, palatine_tonsils"
HMP_2012.genefamilies_relab.posterior_fornix,Relabeled genefamilies data from the HMP_2012 dataset specific to the posterior_fornix bodysite.,3.4,,FASTQ,,,Homo Sapiens,9606,NA,"Department of Psychology, Abdul Haq Campus, Federal Urdu University for Arts, Science and Technology, Karachi, Pakistan. shahiq_psy@yahoo.com",Lucas Schiffer <schiffer.lucas@gmail.com>,ExpressionSet,Rda,HMP_2012.genefamilies_relab.posterior_fornix.rda,"n, female, HMP_2012, genefamilies_relab, posterior_fornix"
HMP_2012.genefamilies_relab.r_retroauricular_crease,Relabeled genefamilies data from the HMP_2012 dataset specific to the r_retroauricular_crease bodysite.,3.4,,FASTQ,,,Homo Sapiens,9606,NA,"Department of Psychology, Abdul Haq Campus, Federal Urdu University for Arts, Science and Technology, Karachi, Pakistan. shahiq_psy@yahoo.com",Lucas Schiffer <schiffer.lucas@gmail.com>,ExpressionSet,Rda,HMP_2012.genefamilies_relab.r_retroauricular_crease.rda,"n, male, female, HMP_2012, genefamilies_relab, r_retroauricular_crease"
HMP_2012.genefamilies_relab.saliva,Relabeled genefamilies data from the HMP_2012 dataset specific to the saliva bodysite.,3.4,,FASTQ,,,Homo Sapiens,9606,NA,"Department of Psychology, Abdul Haq Campus, Federal Urdu University for Arts, Science and Technology, Karachi, Pakistan. shahiq_psy@yahoo.com",Lucas Schiffer <schiffer.lucas@gmail.com>,ExpressionSet,Rda,HMP_2012.genefamilies_relab.saliva.rda,"n, male, female, HMP_2012, genefamilies_relab, saliva"
HMP_2012.genefamilies_relab.stool,Relabeled genefamilies data from the HMP_2012 dataset specific to the stool bodysite.,3.4,,FASTQ,,,Homo Sapiens,9606,NA,"Department of Psychology, Abdul Haq Campus, Federal Urdu University for Arts, Science and Technology, Karachi, Pakistan. shahiq_psy@yahoo.com",Lucas Schiffer <schiffer.lucas@gmail.com>,ExpressionSet,Rda,HMP_2012.genefamilies_relab.stool.rda,"n, female, male, HMP_2012, genefamilies_relab, stool"
HMP_2012.genefamilies_relab.subgingival_plaque,Relabeled genefamilies data from the HMP_2012 dataset specific to the subgingival_plaque bodysite.,3.4,,FASTQ,,,Homo Sapiens,9606,NA,"Department of Psychology, Abdul Haq Campus, Federal Urdu University for Arts, Science and Technology, Karachi, Pakistan. shahiq_psy@yahoo.com",Lucas Schiffer <schiffer.lucas@gmail.com>,ExpressionSet,Rda,HMP_2012.genefamilies_relab.subgingival_plaque.rda,"n, male, female, HMP_2012, genefamilies_relab, subgingival_plaque"
HMP_2012.genefamilies_relab.supragingival_plaque,Relabeled genefamilies data from the HMP_2012 dataset specific to the supragingival_plaque bodysite.,3.4,,FASTQ,,,Homo Sapiens,9606,NA,"Department of Psychology, Abdul Haq Campus, Federal Urdu University for Arts, Science and Technology, Karachi, Pakistan. shahiq_psy@yahoo.com",Lucas Schiffer <schiffer.lucas@gmail.com>,ExpressionSet,Rda,HMP_2012.genefamilies_relab.supragingival_plaque.rda,"n, female, male, HMP_2012, genefamilies_relab, supragingival_plaque"
HMP_2012.genefamilies_relab.throat,Relabeled genefamilies data from the HMP_2012 dataset specific to the throat bodysite.,3.4,,FASTQ,,,Homo Sapiens,9606,NA,"Department of Psychology, Abdul Haq Campus, Federal Urdu University for Arts, Science and Technology, Karachi, Pakistan. shahiq_psy@yahoo.com",Lucas Schiffer <schiffer.lucas@gmail.com>,ExpressionSet,Rda,HMP_2012.genefamilies_relab.throat.rda,"n, male, female, HMP_2012, genefamilies_relab, throat"
HMP_2012.genefamilies_relab.tongue_dorsum,Relabeled genefamilies data from the HMP_2012 dataset specific to the tongue_dorsum bodysite.,3.4,,FASTQ,,,Homo Sapiens,9606,NA,"Department of Psychology, Abdul Haq Campus, Federal Urdu University for Arts, Science and Technology, Karachi, Pakistan. shahiq_psy@yahoo.com",Lucas Schiffer <schiffer.lucas@gmail.com>,ExpressionSet,Rda,HMP_2012.genefamilies_relab.tongue_dorsum.rda,"n, female, male, HMP_2012, genefamilies_relab, tongue_dorsum"
HMP_2012.genefamilies_relab.vaginal_introitus,Relabeled genefamilies data from the HMP_2012 dataset specific to the vaginal_introitus bodysite.,3.4,,FASTQ,,,Homo Sapiens,9606,NA,"Department of Psychology, Abdul Haq Campus, Federal Urdu University for Arts, Science and Technology, Karachi, Pakistan. shahiq_psy@yahoo.com",Lucas Schiffer <schiffer.lucas@gmail.com>,ExpressionSet,Rda,HMP_2012.genefamilies_relab.vaginal_introitus.rda,"n, female, HMP_2012, genefamilies_relab, vaginal_introitus"
KarlssonFH_2013.genefamilies_relab.stool,Relabeled genefamilies data from the KarlssonFH_2013 dataset specific to the stool bodysite.,3.4,,FASTQ,,,Homo Sapiens,9606,NA,"Department of Chemical and Biological Engineering, Chalmers University of Technology, SE-412 96 Gothenburg, Sweden.",Lucas Schiffer <schiffer.lucas@gmail.com>,ExpressionSet,Rda,KarlssonFH_2013.genefamilies_relab.stool.rda,"impaired_glucose_tolerance, n, t2d, KarlssonFH_2013, genefamilies_relab, stool"
KarlssonFH_2013.marker_abundance.stool,Marker abundance data from the KarlssonFH_2013 dataset specific to the stool bodysite.,3.4,,FASTQ,,,Homo Sapiens,9606,NA,"Department of Chemical and Biological Engineering, Chalmers University of Technology, SE-412 96 Gothenburg, Sweden.",Lucas Schiffer <schiffer.lucas@gmail.com>,ExpressionSet,Rda,KarlssonFH_2013.marker_abundance.stool.rda,"impaired_glucose_tolerance, n, t2d, KarlssonFH_2013, marker_abundance, stool"
KarlssonFH_2013.marker_presence.stool,Marker presence data from the KarlssonFH_2013 dataset specific to the stool bodysite.,3.4,,FASTQ,,,Homo Sapiens,9606,NA,"Department of Chemical and Biological Engineering, Chalmers University of Technology, SE-412 96 Gothenburg, Sweden.",Lucas Schiffer <schiffer.lucas@gmail.com>,ExpressionSet,Rda,KarlssonFH_2013.marker_presence.stool.rda,"impaired_glucose_tolerance, n, t2d, KarlssonFH_2013, marker_presence, stool"
KarlssonFH_2013.metaphlan_bugs_list.stool,Taxonomic abundance data from the KarlssonFH_2013 dataset specific to the stool bodysite.,3.4,,FASTQ,,,Homo Sapiens,9606,NA,"Department of Chemical and Biological Engineering, Chalmers University of Technology, SE-412 96 Gothenburg, Sweden.",Lucas Schiffer <schiffer.lucas@gmail.com>,ExpressionSet,Rda,KarlssonFH_2013.metaphlan_bugs_list.stool.rda,"impaired_glucose_tolerance, n, t2d, KarlssonFH_2013, metaphlan_bugs_list, stool"
KarlssonFH_2013.pathabundance_relab.stool,Relabeled pathabundance data from the KarlssonFH_2013 dataset specific to the stool bodysite.,3.4,,FASTQ,,,Homo Sapiens,9606,NA,"Department of Chemical and Biological Engineering, Chalmers University of Technology, SE-412 96 Gothenburg, Sweden.",Lucas Schiffer <schiffer.lucas@gmail.com>,ExpressionSet,Rda,KarlssonFH_2013.pathabundance_relab.stool.rda,"impaired_glucose_tolerance, n, t2d, KarlssonFH_2013, pathabundance_relab, stool"
KarlssonFH_2013.pathcoverage.stool,Pathcoverage data from the KarlssonFH_2013 dataset specific to the stool bodysite.,3.4,,FASTQ,,,Homo Sapiens,9606,NA,"Department of Chemical and Biological Engineering, Chalmers University of Technology, SE-412 96 Gothenburg, Sweden.",Lucas Schiffer <schiffer.lucas@gmail.com>,ExpressionSet,Rda,KarlssonFH_2013.pathcoverage.stool.rda,"impaired_glucose_tolerance, n, t2d, KarlssonFH_2013, pathcoverage, stool"
LeChatelierE_2013.genefamilies_relab.stool,Relabeled genefamilies data from the LeChatelierE_2013 dataset specific to the stool bodysite.,3.4,,FASTQ,,,Homo Sapiens,9606,NA,"INRA, Institut National de la Recherche Agronomique, US1367 Metagenopolis, 78350 Jouy en Josas, France.",Lucas Schiffer <schiffer.lucas@gmail.com>,ExpressionSet,Rda,LeChatelierE_2013.genefamilies_relab.stool.rda,"n, obesity, leaness, NA, LeChatelierE_2013, genefamilies_relab, stool"
LeChatelierE_2013.marker_abundance.stool,Marker abundance data from the LeChatelierE_2013 dataset specific to the stool bodysite.,3.4,,FASTQ,,,Homo Sapiens,9606,NA,"INRA, Institut National de la Recherche Agronomique, US1367 Metagenopolis, 78350 Jouy en Josas, France.",Lucas Schiffer <schiffer.lucas@gmail.com>,ExpressionSet,Rda,LeChatelierE_2013.marker_abundance.stool.rda,"n, obesity, leaness, NA, LeChatelierE_2013, marker_abundance, stool"
LeChatelierE_2013.marker_presence.stool,Marker presence data from the LeChatelierE_2013 dataset specific to the stool bodysite.,3.4,,FASTQ,,,Homo Sapiens,9606,NA,"INRA, Institut National de la Recherche Agronomique, US1367 Metagenopolis, 78350 Jouy en Josas, France.",Lucas Schiffer <schiffer.lucas@gmail.com>,ExpressionSet,Rda,LeChatelierE_2013.marker_presence.stool.rda,"n, obesity, leaness, NA, LeChatelierE_2013, marker_presence, stool"
LeChatelierE_2013.metaphlan_bugs_list.stool,Taxonomic abundance data from the LeChatelierE_2013 dataset specific to the stool bodysite.,3.4,,FASTQ,,,Homo Sapiens,9606,NA,"INRA, Institut National de la Recherche Agronomique, US1367 Metagenopolis, 78350 Jouy en Josas, France.",Lucas Schiffer <schiffer.lucas@gmail.com>,ExpressionSet,Rda,LeChatelierE_2013.metaphlan_bugs_list.stool.rda,"n, obesity, leaness, NA, LeChatelierE_2013, metaphlan_bugs_list, stool"
LeChatelierE_2013.pathabundance_relab.stool,Relabeled pathabundance data from the LeChatelierE_2013 dataset specific to the stool bodysite.,3.4,,FASTQ,,,Homo Sapiens,9606,NA,"INRA, Institut National de la Recherche Agronomique, US1367 Metagenopolis, 78350 Jouy en Josas, France.",Lucas Schiffer <schiffer.lucas@gmail.com>,ExpressionSet,Rda,LeChatelierE_2013.pathabundance_relab.stool.rda,"n, obesity, leaness, NA, LeChatelierE_2013, pathabundance_relab, stool"
LeChatelierE_2013.pathcoverage.stool,Pathcoverage data from the LeChatelierE_2013 dataset specific to the stool bodysite.,3.4,,FASTQ,,,Homo Sapiens,9606,NA,"INRA, Institut National de la Recherche Agronomique, US1367 Metagenopolis, 78350 Jouy en Josas, France.",Lucas Schiffer <schiffer.lucas@gmail.com>,ExpressionSet,Rda,LeChatelierE_2013.pathcoverage.stool.rda,"n, obesity, leaness, NA, LeChatelierE_2013, pathcoverage, stool"
LomanNJ_2013_Hi.genefamilies_relab.stool,Relabeled genefamilies data from the LomanNJ_2013_Hi dataset specific to the stool bodysite.,3.4,,FASTQ,,,Homo Sapiens,9606,NA,"Institute of Microbiology and Infection, University of Birmingham, Birmingham, England.",Lucas Schiffer <schiffer.lucas@gmail.com>,ExpressionSet,Rda,LomanNJ_2013_Hi.genefamilies_relab.stool.rda,"stec2-positive, LomanNJ_2013_Hi, genefamilies_relab, stool"
LomanNJ_2013_Hi.marker_abundance.stool,Marker abundance data from the LomanNJ_2013_Hi dataset specific to the stool bodysite.,3.4,,FASTQ,,,Homo Sapiens,9606,NA,"Institute of Microbiology and Infection, University of Birmingham, Birmingham, England.",Lucas Schiffer <schiffer.lucas@gmail.com>,ExpressionSet,Rda,LomanNJ_2013_Hi.marker_abundance.stool.rda,"stec2-positive, LomanNJ_2013_Hi, marker_abundance, stool"
LomanNJ_2013_Hi.marker_presence.stool,Marker presence data from the LomanNJ_2013_Hi dataset specific to the stool bodysite.,3.4,,FASTQ,,,Homo Sapiens,9606,NA,"Institute of Microbiology and Infection, University of Birmingham, Birmingham, England.",Lucas Schiffer <schiffer.lucas@gmail.com>,ExpressionSet,Rda,LomanNJ_2013_Hi.marker_presence.stool.rda,"stec2-positive, LomanNJ_2013_Hi, marker_presence, stool"
LomanNJ_2013_Hi.metaphlan_bugs_list.stool,Taxonomic abundance data from the LomanNJ_2013_Hi dataset specific to the stool bodysite.,3.4,,FASTQ,,,Homo Sapiens,9606,NA,"Institute of Microbiology and Infection, University of Birmingham, Birmingham, England.",Lucas Schiffer <schiffer.lucas@gmail.com>,ExpressionSet,Rda,LomanNJ_2013_Hi.metaphlan_bugs_list.stool.rda,"stec2-positive, LomanNJ_2013_Hi, metaphlan_bugs_list, stool"
LomanNJ_2013_Hi.pathabundance_relab.stool,Relabeled pathabundance data from the LomanNJ_2013_Hi dataset specific to the stool bodysite.,3.4,,FASTQ,,,Homo Sapiens,9606,NA,"Institute of Microbiology and Infection, University of Birmingham, Birmingham, England.",Lucas Schiffer <schiffer.lucas@gmail.com>,ExpressionSet,Rda,LomanNJ_2013_Hi.pathabundance_relab.stool.rda,"stec2-positive, LomanNJ_2013_Hi, pathabundance_relab, stool"
LomanNJ_2013_Hi.pathcoverage.stool,Pathcoverage data from the LomanNJ_2013_Hi dataset specific to the stool bodysite.,3.4,,FASTQ,,,Homo Sapiens,9606,NA,"Institute of Microbiology and Infection, University of Birmingham, Birmingham, England.",Lucas Schiffer <schiffer.lucas@gmail.com>,ExpressionSet,Rda,LomanNJ_2013_Hi.pathcoverage.stool.rda,"stec2-positive, LomanNJ_2013_Hi, pathcoverage, stool"
LomanNJ_2013_Mi.genefamilies_relab.stool,Relabeled genefamilies data from the LomanNJ_2013_Mi dataset specific to the stool bodysite.,3.4,,FASTQ,,,Homo Sapiens,9606,NA,"Institute of Microbiology and Infection, University of Birmingham, Birmingham, England.",Lucas Schiffer <schiffer.lucas@gmail.com>,ExpressionSet,Rda,LomanNJ_2013_Mi.genefamilies_relab.stool.rda,"stec2-positive, LomanNJ_2013_Mi, genefamilies_relab, stool"
LomanNJ_2013_Mi.marker_abundance.stool,Marker abundance data from the LomanNJ_2013_Mi dataset specific to the stool bodysite.,3.4,,FASTQ,,,Homo Sapiens,9606,NA,"Institute of Microbiology and Infection, University of Birmingham, Birmingham, England.",Lucas Schiffer <schiffer.lucas@gmail.com>,ExpressionSet,Rda,LomanNJ_2013_Mi.marker_abundance.stool.rda,"stec2-positive, LomanNJ_2013_Mi, marker_abundance, stool"
LomanNJ_2013_Mi.marker_presence.stool,Marker presence data from the LomanNJ_2013_Mi dataset specific to the stool bodysite.,3.4,,FASTQ,,,Homo Sapiens,9606,NA,"Institute of Microbiology and Infection, University of Birmingham, Birmingham, England.",Lucas Schiffer <schiffer.lucas@gmail.com>,ExpressionSet,Rda,LomanNJ_2013_Mi.marker_presence.stool.rda,"stec2-positive, LomanNJ_2013_Mi, marker_presence, stool"
LomanNJ_2013_Mi.metaphlan_bugs_list.stool,Taxonomic abundance data from the LomanNJ_2013_Mi dataset specific to the stool bodysite.,3.4,,FASTQ,,,Homo Sapiens,9606,NA,"Institute of Microbiology and Infection, University of Birmingham, Birmingham, England.",Lucas Schiffer <schiffer.lucas@gmail.com>,ExpressionSet,Rda,LomanNJ_2013_Mi.metaphlan_bugs_list.stool.rda,"stec2-positive, LomanNJ_2013_Mi, metaphlan_bugs_list, stool"
LomanNJ_2013_Mi.pathabundance_relab.stool,Relabeled pathabundance data from the LomanNJ_2013_Mi dataset specific to the stool bodysite.,3.4,,FASTQ,,,Homo Sapiens,9606,NA,"Institute of Microbiology and Infection, University of Birmingham, Birmingham, England.",Lucas Schiffer <schiffer.lucas@gmail.com>,ExpressionSet,Rda,LomanNJ_2013_Mi.pathabundance_relab.stool.rda,"stec2-positive, LomanNJ_2013_Mi, pathabundance_relab, stool"
LomanNJ_2013_Mi.pathcoverage.stool,Pathcoverage data from the LomanNJ_2013_Mi dataset specific to the stool bodysite.,3.4,,FASTQ,,,Homo Sapiens,9606,NA,"Institute of Microbiology and Infection, University of Birmingham, Birmingham, England.",Lucas Schiffer <schiffer.lucas@gmail.com>,ExpressionSet,Rda,LomanNJ_2013_Mi.pathcoverage.stool.rda,"stec2-positive, LomanNJ_2013_Mi, pathcoverage, stool"
NielsenHB_2014.genefamilies_relab.stool,Relabeled genefamilies data from the NielsenHB_2014 dataset specific to the stool bodysite.,3.4,,FASTQ,,,Homo Sapiens,9606,NA,"[1] Center for Biological Sequence Analysis, Technical University of Denmark, Kongens Lyngby, Denmark. [2] Novo Nordisk Foundation Center for Biosustainability, Technical University of Denmark, Kongens Lyngby, Denmark. [3].",Lucas Schiffer <schiffer.lucas@gmail.com>,ExpressionSet,Rda,NielsenHB_2014.genefamilies_relab.stool.rda,"n, ibd_ulcerative_colitis, ibd_crohn_disease, n_relative, female, male, NielsenHB_2014, genefamilies_relab, stool"
NielsenHB_2014.marker_abundance.stool,Marker abundance data from the NielsenHB_2014 dataset specific to the stool bodysite.,3.4,,FASTQ,,,Homo Sapiens,9606,NA,"[1] Center for Biological Sequence Analysis, Technical University of Denmark, Kongens Lyngby, Denmark. [2] Novo Nordisk Foundation Center for Biosustainability, Technical University of Denmark, Kongens Lyngby, Denmark. [3].",Lucas Schiffer <schiffer.lucas@gmail.com>,ExpressionSet,Rda,NielsenHB_2014.marker_abundance.stool.rda,"n, ibd_ulcerative_colitis, ibd_crohn_disease, n_relative, female, male, NielsenHB_2014, marker_abundance, stool"
NielsenHB_2014.marker_presence.stool,Marker presence data from the NielsenHB_2014 dataset specific to the stool bodysite.,3.4,,FASTQ,,,Homo Sapiens,9606,NA,"[1] Center for Biological Sequence Analysis, Technical University of Denmark, Kongens Lyngby, Denmark. [2] Novo Nordisk Foundation Center for Biosustainability, Technical University of Denmark, Kongens Lyngby, Denmark. [3].",Lucas Schiffer <schiffer.lucas@gmail.com>,ExpressionSet,Rda,NielsenHB_2014.marker_presence.stool.rda,"n, ibd_ulcerative_colitis, ibd_crohn_disease, n_relative, female, male, NielsenHB_2014, marker_presence, stool"
NielsenHB_2014.metaphlan_bugs_list.stool,Taxonomic abundance data from the NielsenHB_2014 dataset specific to the stool bodysite.,3.4,,FASTQ,,,Homo Sapiens,9606,NA,"[1] Center for Biological Sequence Analysis, Technical University of Denmark, Kongens Lyngby, Denmark. [2] Novo Nordisk Foundation Center for Biosustainability, Technical University of Denmark, Kongens Lyngby, Denmark. [3].",Lucas Schiffer <schiffer.lucas@gmail.com>,ExpressionSet,Rda,NielsenHB_2014.metaphlan_bugs_list.stool.rda,"n, ibd_ulcerative_colitis, ibd_crohn_disease, n_relative, female, male, NielsenHB_2014, metaphlan_bugs_list, stool"
NielsenHB_2014.pathabundance_relab.stool,Relabeled pathabundance data from the NielsenHB_2014 dataset specific to the stool bodysite.,3.4,,FASTQ,,,Homo Sapiens,9606,NA,"[1] Center for Biological Sequence Analysis, Technical University of Denmark, Kongens Lyngby, Denmark. [2] Novo Nordisk Foundation Center for Biosustainability, Technical University of Denmark, Kongens Lyngby, Denmark. [3].",Lucas Schiffer <schiffer.lucas@gmail.com>,ExpressionSet,Rda,NielsenHB_2014.pathabundance_relab.stool.rda,"n, ibd_ulcerative_colitis, ibd_crohn_disease, n_relative, female, male, NielsenHB_2014, pathabundance_relab, stool"
NielsenHB_2014.pathcoverage.stool,Pathcoverage data from the NielsenHB_2014 dataset specific to the stool bodysite.,3.4,,FASTQ,,,Homo Sapiens,9606,NA,"[1] Center for Biological Sequence Analysis, Technical University of Denmark, Kongens Lyngby, Denmark. [2] Novo Nordisk Foundation Center for Biosustainability, Technical University of Denmark, Kongens Lyngby, Denmark. [3].",Lucas Schiffer <schiffer.lucas@gmail.com>,ExpressionSet,Rda,NielsenHB_2014.pathcoverage.stool.rda,"n, ibd_ulcerative_colitis, ibd_crohn_disease, n_relative, female, male, NielsenHB_2014, pathcoverage, stool"
Obregon_TitoAJ_2015.genefamilies_relab.stool,Relabeled genefamilies data from the Obregon_TitoAJ_2015 dataset specific to the stool bodysite.,3.4,,FASTQ,,,Homo Sapiens,9606,NA,"[1] Department of Anthropology, University of Oklahoma, Dale Hall Tower, 521 Norman, Oklahoma 73019, USA [2] Universidad Cientifica del Sur, Lima 18, Peru [3] City of Hope, NCI-designated Comprehensive Cancer Center, Duarte, California 91010, USA.",Lucas Schiffer <schiffer.lucas@gmail.com>,ExpressionSet,Rda,Obregon_TitoAJ_2015.genefamilies_relab.stool.rda,"n, obese, overweight, NA, underweight, female, NA, male, Obregon_TitoAJ_2015, genefamilies_relab, stool"
Obregon_TitoAJ_2015.marker_abundance.stool,Marker abundance data from the Obregon_TitoAJ_2015 dataset specific to the stool bodysite.,3.4,,FASTQ,,,Homo Sapiens,9606,NA,"[1] Department of Anthropology, University of Oklahoma, Dale Hall Tower, 521 Norman, Oklahoma 73019, USA [2] Universidad Cientifica del Sur, Lima 18, Peru [3] City of Hope, NCI-designated Comprehensive Cancer Center, Duarte, California 91010, USA.",Lucas Schiffer <schiffer.lucas@gmail.com>,ExpressionSet,Rda,Obregon_TitoAJ_2015.marker_abundance.stool.rda,"n, obese, overweight, NA, underweight, female, NA, male, Obregon_TitoAJ_2015, marker_abundance, stool"
Obregon_TitoAJ_2015.marker_presence.stool,Marker presence data from the Obregon_TitoAJ_2015 dataset specific to the stool bodysite.,3.4,,FASTQ,,,Homo Sapiens,9606,NA,"[1] Department of Anthropology, University of Oklahoma, Dale Hall Tower, 521 Norman, Oklahoma 73019, USA [2] Universidad Cientifica del Sur, Lima 18, Peru [3] City of Hope, NCI-designated Comprehensive Cancer Center, Duarte, California 91010, USA.",Lucas Schiffer <schiffer.lucas@gmail.com>,ExpressionSet,Rda,Obregon_TitoAJ_2015.marker_presence.stool.rda,"n, obese, overweight, NA, underweight, female, NA, male, Obregon_TitoAJ_2015, marker_presence, stool"
Obregon_TitoAJ_2015.metaphlan_bugs_list.stool,Taxonomic abundance data from the Obregon_TitoAJ_2015 dataset specific to the stool bodysite.,3.4,,FASTQ,,,Homo Sapiens,9606,NA,"[1] Department of Anthropology, University of Oklahoma, Dale Hall Tower, 521 Norman, Oklahoma 73019, USA [2] Universidad Cientifica del Sur, Lima 18, Peru [3] City of Hope, NCI-designated Comprehensive Cancer Center, Duarte, California 91010, USA.",Lucas Schiffer <schiffer.lucas@gmail.com>,ExpressionSet,Rda,Obregon_TitoAJ_2015.metaphlan_bugs_list.stool.rda,"n, obese, overweight, NA, underweight, female, NA, male, Obregon_TitoAJ_2015, metaphlan_bugs_list, stool"
Obregon_TitoAJ_2015.pathabundance_relab.stool,Relabeled pathabundance data from the Obregon_TitoAJ_2015 dataset specific to the stool bodysite.,3.4,,FASTQ,,,Homo Sapiens,9606,NA,"[1] Department of Anthropology, University of Oklahoma, Dale Hall Tower, 521 Norman, Oklahoma 73019, USA [2] Universidad Cientifica del Sur, Lima 18, Peru [3] City of Hope, NCI-designated Comprehensive Cancer Center, Duarte, California 91010, USA.",Lucas Schiffer <schiffer.lucas@gmail.com>,ExpressionSet,Rda,Obregon_TitoAJ_2015.pathabundance_relab.stool.rda,"n, obese, overweight, NA, underweight, female, NA, male, Obregon_TitoAJ_2015, pathabundance_relab, stool"
Obregon_TitoAJ_2015.pathcoverage.stool,Pathcoverage data from the Obregon_TitoAJ_2015 dataset specific to the stool bodysite.,3.4,,FASTQ,,,Homo Sapiens,9606,NA,"[1] Department of Anthropology, University of Oklahoma, Dale Hall Tower, 521 Norman, Oklahoma 73019, USA [2] Universidad Cientifica del Sur, Lima 18, Peru [3] City of Hope, NCI-designated Comprehensive Cancer Center, Duarte, California 91010, USA.",Lucas Schiffer <schiffer.lucas@gmail.com>,ExpressionSet,Rda,Obregon_TitoAJ_2015.pathcoverage.stool.rda,"n, obese, overweight, NA, underweight, female, NA, male, Obregon_TitoAJ_2015, pathcoverage, stool"
OhJ_2014.genefamilies_relab.skin,Relabeled genefamilies data from the OhJ_2014 dataset specific to the skin bodysite.,3.4,,FASTQ,,,Homo Sapiens,9606,NA,"Translational and Functional Genomics Branch, National Human Genome Research Institute, NIH, Bethesda, Maryland 20892, USA.",Lucas Schiffer <schiffer.lucas@gmail.com>,ExpressionSet,Rda,OhJ_2014.genefamilies_relab.skin.rda,"n, female, NA, male, OhJ_2014, genefamilies_relab, skin"
OhJ_2014.marker_abundance.skin,Marker abundance data from the OhJ_2014 dataset specific to the skin bodysite.,3.4,,FASTQ,,,Homo Sapiens,9606,NA,"Translational and Functional Genomics Branch, National Human Genome Research Institute, NIH, Bethesda, Maryland 20892, USA.",Lucas Schiffer <schiffer.lucas@gmail.com>,ExpressionSet,Rda,OhJ_2014.marker_abundance.skin.rda,"n, female, NA, male, OhJ_2014, marker_abundance, skin"
OhJ_2014.marker_presence.skin,Marker presence data from the OhJ_2014 dataset specific to the skin bodysite.,3.4,,FASTQ,,,Homo Sapiens,9606,NA,"Translational and Functional Genomics Branch, National Human Genome Research Institute, NIH, Bethesda, Maryland 20892, USA.",Lucas Schiffer <schiffer.lucas@gmail.com>,ExpressionSet,Rda,OhJ_2014.marker_presence.skin.rda,"n, female, NA, male, OhJ_2014, marker_presence, skin"
OhJ_2014.metaphlan_bugs_list.skin,Taxonomic abundance data from the OhJ_2014 dataset specific to the skin bodysite.,3.4,,FASTQ,,,Homo Sapiens,9606,NA,"Translational and Functional Genomics Branch, National Human Genome Research Institute, NIH, Bethesda, Maryland 20892, USA.",Lucas Schiffer <schiffer.lucas@gmail.com>,ExpressionSet,Rda,OhJ_2014.metaphlan_bugs_list.skin.rda,"n, female, NA, male, OhJ_2014, metaphlan_bugs_list, skin"
OhJ_2014.pathabundance_relab.skin,Relabeled pathabundance data from the OhJ_2014 dataset specific to the skin bodysite.,3.4,,FASTQ,,,Homo Sapiens,9606,NA,"Translational and Functional Genomics Branch, National Human Genome Research Institute, NIH, Bethesda, Maryland 20892, USA.",Lucas Schiffer <schiffer.lucas@gmail.com>,ExpressionSet,Rda,OhJ_2014.pathabundance_relab.skin.rda,"n, female, NA, male, OhJ_2014, pathabundance_relab, skin"
OhJ_2014.pathcoverage.skin,Pathcoverage data from the OhJ_2014 dataset specific to the skin bodysite.,3.4,,FASTQ,,,Homo Sapiens,9606,NA,"Translational and Functional Genomics Branch, National Human Genome Research Institute, NIH, Bethesda, Maryland 20892, USA.",Lucas Schiffer <schiffer.lucas@gmail.com>,ExpressionSet,Rda,OhJ_2014.pathcoverage.skin.rda,"n, female, NA, male, OhJ_2014, pathcoverage, skin"
QinJ_2012.genefamilies_relab.stool,Relabeled genefamilies data from the QinJ_2012 dataset specific to the stool bodysite.,3.4,,FASTQ,,,Homo Sapiens,9606,NA,"BGI-Shenzhen, Shenzhen 518083, China.",Lucas Schiffer <schiffer.lucas@gmail.com>,ExpressionSet,Rda,QinJ_2012.genefamilies_relab.stool.rda,"n, NA, t2d, female, male, NA, QinJ_2012, genefamilies_relab, stool"
QinJ_2012.marker_abundance.stool,Marker abundance data from the QinJ_2012 dataset specific to the stool bodysite.,3.4,,FASTQ,,,Homo Sapiens,9606,NA,"BGI-Shenzhen, Shenzhen 518083, China.",Lucas Schiffer <schiffer.lucas@gmail.com>,ExpressionSet,Rda,QinJ_2012.marker_abundance.stool.rda,"n, NA, t2d, female, male, NA, QinJ_2012, marker_abundance, stool"
QinJ_2012.marker_presence.stool,Marker presence data from the QinJ_2012 dataset specific to the stool bodysite.,3.4,,FASTQ,,,Homo Sapiens,9606,NA,"BGI-Shenzhen, Shenzhen 518083, China.",Lucas Schiffer <schiffer.lucas@gmail.com>,ExpressionSet,Rda,QinJ_2012.marker_presence.stool.rda,"n, NA, t2d, female, male, NA, QinJ_2012, marker_presence, stool"
QinJ_2012.metaphlan_bugs_list.stool,Taxonomic abundance data from the QinJ_2012 dataset specific to the stool bodysite.,3.4,,FASTQ,,,Homo Sapiens,9606,NA,"BGI-Shenzhen, Shenzhen 518083, China.",Lucas Schiffer <schiffer.lucas@gmail.com>,ExpressionSet,Rda,QinJ_2012.metaphlan_bugs_list.stool.rda,"n, NA, t2d, female, male, NA, QinJ_2012, metaphlan_bugs_list, stool"
QinJ_2012.pathabundance_relab.stool,Relabeled pathabundance data from the QinJ_2012 dataset specific to the stool bodysite.,3.4,,FASTQ,,,Homo Sapiens,9606,NA,"BGI-Shenzhen, Shenzhen 518083, China.",Lucas Schiffer <schiffer.lucas@gmail.com>,ExpressionSet,Rda,QinJ_2012.pathabundance_relab.stool.rda,"n, NA, t2d, female, male, NA, QinJ_2012, pathabundance_relab, stool"
QinJ_2012.pathcoverage.stool,Pathcoverage data from the QinJ_2012 dataset specific to the stool bodysite.,3.4,,FASTQ,,,Homo Sapiens,9606,NA,"BGI-Shenzhen, Shenzhen 518083, China.",Lucas Schiffer <schiffer.lucas@gmail.com>,ExpressionSet,Rda,QinJ_2012.pathcoverage.stool.rda,"n, NA, t2d, female, male, NA, QinJ_2012, pathcoverage, stool"
QinN_2014.genefamilies_relab.stool,Relabeled genefamilies data from the QinN_2014 dataset specific to the stool bodysite.,3.4,,FASTQ,,,Homo Sapiens,9606,NA,"[1] State Key Laboratory for Diagnosis and Treatment of Infectious Disease, The First Affiliated Hospital, College of Medicine, Zhejiang University, 310003 Hangzhou, China [2] Collaborative Innovation Center for Diagnosis and Treatment of Infectious Diseases, Zhejiang University, 310003 Hangzhou, China [3].",Lucas Schiffer <schiffer.lucas@gmail.com>,ExpressionSet,Rda,QinN_2014.genefamilies_relab.stool.rda,"n, cirrhosis, female, male, QinN_2014, genefamilies_relab, stool"
QinN_2014.marker_abundance.stool,Marker abundance data from the QinN_2014 dataset specific to the stool bodysite.,3.4,,FASTQ,,,Homo Sapiens,9606,NA,"[1] State Key Laboratory for Diagnosis and Treatment of Infectious Disease, The First Affiliated Hospital, College of Medicine, Zhejiang University, 310003 Hangzhou, China [2] Collaborative Innovation Center for Diagnosis and Treatment of Infectious Diseases, Zhejiang University, 310003 Hangzhou, China [3].",Lucas Schiffer <schiffer.lucas@gmail.com>,ExpressionSet,Rda,QinN_2014.marker_abundance.stool.rda,"n, cirrhosis, female, male, QinN_2014, marker_abundance, stool"
QinN_2014.marker_presence.stool,Marker presence data from the QinN_2014 dataset specific to the stool bodysite.,3.4,,FASTQ,,,Homo Sapiens,9606,NA,"[1] State Key Laboratory for Diagnosis and Treatment of Infectious Disease, The First Affiliated Hospital, College of Medicine, Zhejiang University, 310003 Hangzhou, China [2] Collaborative Innovation Center for Diagnosis and Treatment of Infectious Diseases, Zhejiang University, 310003 Hangzhou, China [3].",Lucas Schiffer <schiffer.lucas@gmail.com>,ExpressionSet,Rda,QinN_2014.marker_presence.stool.rda,"n, cirrhosis, female, male, QinN_2014, marker_presence, stool"
QinN_2014.metaphlan_bugs_list.stool,Taxonomic abundance data from the QinN_2014 dataset specific to the stool bodysite.,3.4,,FASTQ,,,Homo Sapiens,9606,NA,"[1] State Key Laboratory for Diagnosis and Treatment of Infectious Disease, The First Affiliated Hospital, College of Medicine, Zhejiang University, 310003 Hangzhou, China [2] Collaborative Innovation Center for Diagnosis and Treatment of Infectious Diseases, Zhejiang University, 310003 Hangzhou, China [3].",Lucas Schiffer <schiffer.lucas@gmail.com>,ExpressionSet,Rda,QinN_2014.metaphlan_bugs_list.stool.rda,"n, cirrhosis, female, male, QinN_2014, metaphlan_bugs_list, stool"
QinN_2014.pathabundance_relab.stool,Relabeled pathabundance data from the QinN_2014 dataset specific to the stool bodysite.,3.4,,FASTQ,,,Homo Sapiens,9606,NA,"[1] State Key Laboratory for Diagnosis and Treatment of Infectious Disease, The First Affiliated Hospital, College of Medicine, Zhejiang University, 310003 Hangzhou, China [2] Collaborative Innovation Center for Diagnosis and Treatment of Infectious Diseases, Zhejiang University, 310003 Hangzhou, China [3].",Lucas Schiffer <schiffer.lucas@gmail.com>,ExpressionSet,Rda,QinN_2014.pathabundance_relab.stool.rda,"n, cirrhosis, female, male, QinN_2014, pathabundance_relab, stool"
QinN_2014.pathcoverage.stool,Pathcoverage data from the QinN_2014 dataset specific to the stool bodysite.,3.4,,FASTQ,,,Homo Sapiens,9606,NA,"[1] State Key Laboratory for Diagnosis and Treatment of Infectious Disease, The First Affiliated Hospital, College of Medicine, Zhejiang University, 310003 Hangzhou, China [2] Collaborative Innovation Center for Diagnosis and Treatment of Infectious Diseases, Zhejiang University, 310003 Hangzhou, China [3].",Lucas Schiffer <schiffer.lucas@gmail.com>,ExpressionSet,Rda,QinN_2014.pathcoverage.stool.rda,"n, cirrhosis, female, male, QinN_2014, pathcoverage, stool"
RampelliS_2015.genefamilies_relab.stool,Relabeled genefamilies data from the RampelliS_2015 dataset specific to the stool bodysite.,3.4,,FASTQ,,,Homo Sapiens,9606,NA,"Department of Pharmacy and Biotechnology, University of Bologna, Bologna 40126, Italy.",Lucas Schiffer <schiffer.lucas@gmail.com>,ExpressionSet,Rda,RampelliS_2015.genefamilies_relab.stool.rda,"n, female, male, RampelliS_2015, genefamilies_relab, stool"
RampelliS_2015.marker_abundance.stool,Marker abundance data from the RampelliS_2015 dataset specific to the stool bodysite.,3.4,,FASTQ,,,Homo Sapiens,9606,NA,"Department of Pharmacy and Biotechnology, University of Bologna, Bologna 40126, Italy.",Lucas Schiffer <schiffer.lucas@gmail.com>,ExpressionSet,Rda,RampelliS_2015.marker_abundance.stool.rda,"n, female, male, RampelliS_2015, marker_abundance, stool"
RampelliS_2015.marker_presence.stool,Marker presence data from the RampelliS_2015 dataset specific to the stool bodysite.,3.4,,FASTQ,,,Homo Sapiens,9606,NA,"Department of Pharmacy and Biotechnology, University of Bologna, Bologna 40126, Italy.",Lucas Schiffer <schiffer.lucas@gmail.com>,ExpressionSet,Rda,RampelliS_2015.marker_presence.stool.rda,"n, female, male, RampelliS_2015, marker_presence, stool"
RampelliS_2015.metaphlan_bugs_list.stool,Taxonomic abundance data from the RampelliS_2015 dataset specific to the stool bodysite.,3.4,,FASTQ,,,Homo Sapiens,9606,NA,"Department of Pharmacy and Biotechnology, University of Bologna, Bologna 40126, Italy.",Lucas Schiffer <schiffer.lucas@gmail.com>,ExpressionSet,Rda,RampelliS_2015.metaphlan_bugs_list.stool.rda,"n, female, male, RampelliS_2015, metaphlan_bugs_list, stool"
RampelliS_2015.pathabundance_relab.stool,Relabeled pathabundance data from the RampelliS_2015 dataset specific to the stool bodysite.,3.4,,FASTQ,,,Homo Sapiens,9606,NA,"Department of Pharmacy and Biotechnology, University of Bologna, Bologna 40126, Italy.",Lucas Schiffer <schiffer.lucas@gmail.com>,ExpressionSet,Rda,RampelliS_2015.pathabundance_relab.stool.rda,"n, female, male, RampelliS_2015, pathabundance_relab, stool"
RampelliS_2015.pathcoverage.stool,Pathcoverage data from the RampelliS_2015 dataset specific to the stool bodysite.,3.4,,FASTQ,,,Homo Sapiens,9606,NA,"Department of Pharmacy and Biotechnology, University of Bologna, Bologna 40126, Italy.",Lucas Schiffer <schiffer.lucas@gmail.com>,ExpressionSet,Rda,RampelliS_2015.pathcoverage.stool.rda,"n, female, male, RampelliS_2015, pathcoverage, stool"
TettAJ_2016.genefamilies_relab.left_ear,Relabeled genefamilies data from the TettAJ_2016 dataset specific to the left_ear bodysite.,3.4,,FASTQ,,,Homo Sapiens,9606,NA,,Lucas Schiffer <schiffer.lucas@gmail.com>,ExpressionSet,Rda,TettAJ_2016.genefamilies_relab.left_ear.rda,"n, y, male, female, TettAJ_2016, genefamilies_relab, left_ear"
TettAJ_2016.genefamilies_relab.left_elbow,Relabeled genefamilies data from the TettAJ_2016 dataset specific to the left_elbow bodysite.,3.4,,FASTQ,,,Homo Sapiens,9606,NA,,Lucas Schiffer <schiffer.lucas@gmail.com>,ExpressionSet,Rda,TettAJ_2016.genefamilies_relab.left_elbow.rda,"n, y, male, female, TettAJ_2016, genefamilies_relab, left_elbow"
TettAJ_2016.genefamilies_relab.right_ear,Relabeled genefamilies data from the TettAJ_2016 dataset specific to the right_ear bodysite.,3.4,,FASTQ,,,Homo Sapiens,9606,NA,,Lucas Schiffer <schiffer.lucas@gmail.com>,ExpressionSet,Rda,TettAJ_2016.genefamilies_relab.right_ear.rda,"n, y, male, female, TettAJ_2016, genefamilies_relab, right_ear"
TettAJ_2016.genefamilies_relab.right_elbow,Relabeled genefamilies data from the TettAJ_2016 dataset specific to the right_elbow bodysite.,3.4,,FASTQ,,,Homo Sapiens,9606,NA,,Lucas Schiffer <schiffer.lucas@gmail.com>,ExpressionSet,Rda,TettAJ_2016.genefamilies_relab.right_elbow.rda,"n, y, female, male, TettAJ_2016, genefamilies_relab, right_elbow"
TettAJ_2016.marker_abundance.left_ear,Marker abundance data from the TettAJ_2016 dataset specific to the left_ear bodysite.,3.4,,FASTQ,,,Homo Sapiens,9606,NA,,Lucas Schiffer <schiffer.lucas@gmail.com>,ExpressionSet,Rda,TettAJ_2016.marker_abundance.left_ear.rda,"n, y, male, female, TettAJ_2016, marker_abundance, left_ear"
TettAJ_2016.marker_abundance.left_elbow,Marker abundance data from the TettAJ_2016 dataset specific to the left_elbow bodysite.,3.4,,FASTQ,,,Homo Sapiens,9606,NA,,Lucas Schiffer <schiffer.lucas@gmail.com>,ExpressionSet,Rda,TettAJ_2016.marker_abundance.left_elbow.rda,"n, y, male, female, TettAJ_2016, marker_abundance, left_elbow"
TettAJ_2016.marker_abundance.right_ear,Marker abundance data from the TettAJ_2016 dataset specific to the right_ear bodysite.,3.4,,FASTQ,,,Homo Sapiens,9606,NA,,Lucas Schiffer <schiffer.lucas@gmail.com>,ExpressionSet,Rda,TettAJ_2016.marker_abundance.right_ear.rda,"n, y, male, female, TettAJ_2016, marker_abundance, right_ear"
TettAJ_2016.marker_abundance.right_elbow,Marker abundance data from the TettAJ_2016 dataset specific to the right_elbow bodysite.,3.4,,FASTQ,,,Homo Sapiens,9606,NA,,Lucas Schiffer <schiffer.lucas@gmail.com>,ExpressionSet,Rda,TettAJ_2016.marker_abundance.right_elbow.rda,"n, y, female, male, TettAJ_2016, marker_abundance, right_elbow"
TettAJ_2016.marker_presence.left_ear,Marker presence data from the TettAJ_2016 dataset specific to the left_ear bodysite.,3.4,,FASTQ,,,Homo Sapiens,9606,NA,,Lucas Schiffer <schiffer.lucas@gmail.com>,ExpressionSet,Rda,TettAJ_2016.marker_presence.left_ear.rda,"n, y, male, female, TettAJ_2016, marker_presence, left_ear"
TettAJ_2016.marker_presence.left_elbow,Marker presence data from the TettAJ_2016 dataset specific to the left_elbow bodysite.,3.4,,FASTQ,,,Homo Sapiens,9606,NA,,Lucas Schiffer <schiffer.lucas@gmail.com>,ExpressionSet,Rda,TettAJ_2016.marker_presence.left_elbow.rda,"n, y, male, female, TettAJ_2016, marker_presence, left_elbow"
TettAJ_2016.marker_presence.right_ear,Marker presence data from the TettAJ_2016 dataset specific to the right_ear bodysite.,3.4,,FASTQ,,,Homo Sapiens,9606,NA,,Lucas Schiffer <schiffer.lucas@gmail.com>,ExpressionSet,Rda,TettAJ_2016.marker_presence.right_ear.rda,"n, y, male, female, TettAJ_2016, marker_presence, right_ear"
TettAJ_2016.marker_presence.right_elbow,Marker presence data from the TettAJ_2016 dataset specific to the right_elbow bodysite.,3.4,,FASTQ,,,Homo Sapiens,9606,NA,,Lucas Schiffer <schiffer.lucas@gmail.com>,ExpressionSet,Rda,TettAJ_2016.marker_presence.right_elbow.rda,"n, y, female, male, TettAJ_2016, marker_presence, right_elbow"
TettAJ_2016.metaphlan_bugs_list.left_ear,Taxonomic abundance data from the TettAJ_2016 dataset specific to the left_ear bodysite.,3.4,,FASTQ,,,Homo Sapiens,9606,NA,,Lucas Schiffer <schiffer.lucas@gmail.com>,ExpressionSet,Rda,TettAJ_2016.metaphlan_bugs_list.left_ear.rda,"n, y, male, female, TettAJ_2016, metaphlan_bugs_list, left_ear"
TettAJ_2016.metaphlan_bugs_list.left_elbow,Taxonomic abundance data from the TettAJ_2016 dataset specific to the left_elbow bodysite.,3.4,,FASTQ,,,Homo Sapiens,9606,NA,,Lucas Schiffer <schiffer.lucas@gmail.com>,ExpressionSet,Rda,TettAJ_2016.metaphlan_bugs_list.left_elbow.rda,"n, y, male, female, TettAJ_2016, metaphlan_bugs_list, left_elbow"
TettAJ_2016.metaphlan_bugs_list.right_ear,Taxonomic abundance data from the TettAJ_2016 dataset specific to the right_ear bodysite.,3.4,,FASTQ,,,Homo Sapiens,9606,NA,,Lucas Schiffer <schiffer.lucas@gmail.com>,ExpressionSet,Rda,TettAJ_2016.metaphlan_bugs_list.right_ear.rda,"n, y, male, female, TettAJ_2016, metaphlan_bugs_list, right_ear"
TettAJ_2016.metaphlan_bugs_list.right_elbow,Taxonomic abundance data from the TettAJ_2016 dataset specific to the right_elbow bodysite.,3.4,,FASTQ,,,Homo Sapiens,9606,NA,,Lucas Schiffer <schiffer.lucas@gmail.com>,ExpressionSet,Rda,TettAJ_2016.metaphlan_bugs_list.right_elbow.rda,"n, y, female, male, TettAJ_2016, metaphlan_bugs_list, right_elbow"
TettAJ_2016.pathabundance_relab.left_ear,Relabeled pathabundance data from the TettAJ_2016 dataset specific to the left_ear bodysite.,3.4,,FASTQ,,,Homo Sapiens,9606,NA,,Lucas Schiffer <schiffer.lucas@gmail.com>,ExpressionSet,Rda,TettAJ_2016.pathabundance_relab.left_ear.rda,"n, y, male, female, TettAJ_2016, pathabundance_relab, left_ear"
TettAJ_2016.pathabundance_relab.left_elbow,Relabeled pathabundance data from the TettAJ_2016 dataset specific to the left_elbow bodysite.,3.4,,FASTQ,,,Homo Sapiens,9606,NA,,Lucas Schiffer <schiffer.lucas@gmail.com>,ExpressionSet,Rda,TettAJ_2016.pathabundance_relab.left_elbow.rda,"n, y, male, female, TettAJ_2016, pathabundance_relab, left_elbow"
TettAJ_2016.pathabundance_relab.right_ear,Relabeled pathabundance data from the TettAJ_2016 dataset specific to the right_ear bodysite.,3.4,,FASTQ,,,Homo Sapiens,9606,NA,,Lucas Schiffer <schiffer.lucas@gmail.com>,ExpressionSet,Rda,TettAJ_2016.pathabundance_relab.right_ear.rda,"n, y, male, female, TettAJ_2016, pathabundance_relab, right_ear"
TettAJ_2016.pathabundance_relab.right_elbow,Relabeled pathabundance data from the TettAJ_2016 dataset specific to the right_elbow bodysite.,3.4,,FASTQ,,,Homo Sapiens,9606,NA,,Lucas Schiffer <schiffer.lucas@gmail.com>,ExpressionSet,Rda,TettAJ_2016.pathabundance_relab.right_elbow.rda,"n, y, female, male, TettAJ_2016, pathabundance_relab, right_elbow"
TettAJ_2016.pathcoverage.left_ear,Pathcoverage data from the TettAJ_2016 dataset specific to the left_ear bodysite.,3.4,,FASTQ,,,Homo Sapiens,9606,NA,,Lucas Schiffer <schiffer.lucas@gmail.com>,ExpressionSet,Rda,TettAJ_2016.pathcoverage.left_ear.rda,"n, y, male, female, TettAJ_2016, pathcoverage, left_ear"
TettAJ_2016.pathcoverage.left_elbow,Pathcoverage data from the TettAJ_2016 dataset specific to the left_elbow bodysite.,3.4,,FASTQ,,,Homo Sapiens,9606,NA,,Lucas Schiffer <schiffer.lucas@gmail.com>,ExpressionSet,Rda,TettAJ_2016.pathcoverage.left_elbow.rda,"n, y, male, female, TettAJ_2016, pathcoverage, left_elbow"
TettAJ_2016.pathcoverage.right_ear,Pathcoverage data from the TettAJ_2016 dataset specific to the right_ear bodysite.,3.4,,FASTQ,,,Homo Sapiens,9606,NA,,Lucas Schiffer <schiffer.lucas@gmail.com>,ExpressionSet,Rda,TettAJ_2016.pathcoverage.right_ear.rda,"n, y, male, female, TettAJ_2016, pathcoverage, right_ear"
TettAJ_2016.pathcoverage.right_elbow,Pathcoverage data from the TettAJ_2016 dataset specific to the right_elbow bodysite.,3.4,,FASTQ,,,Homo Sapiens,9606,NA,,Lucas Schiffer <schiffer.lucas@gmail.com>,ExpressionSet,Rda,TettAJ_2016.pathcoverage.right_elbow.rda,"n, y, female, male, TettAJ_2016, pathcoverage, right_elbow"
ZellerG_2014.genefamilies_relab.stool,Relabeled genefamilies data from the ZellerG_2014 dataset specific to the stool bodysite.,3.4,,FASTQ,,,Homo Sapiens,9606,NA,"Structural and Computational Biology Unit, European Molecular Biology Laboratory, Heidelberg, Germany.",Lucas Schiffer <schiffer.lucas@gmail.com>,ExpressionSet,Rda,ZellerG_2014.genefamilies_relab.stool.rda,"n, cancer, small_adenoma, large_adenoma, female, male, ZellerG_2014, genefamilies_relab, stool"
ZellerG_2014.marker_abundance.stool,Marker abundance data from the ZellerG_2014 dataset specific to the stool bodysite.,3.4,,FASTQ,,,Homo Sapiens,9606,NA,"Structural and Computational Biology Unit, European Molecular Biology Laboratory, Heidelberg, Germany.",Lucas Schiffer <schiffer.lucas@gmail.com>,ExpressionSet,Rda,ZellerG_2014.marker_abundance.stool.rda,"n, cancer, small_adenoma, large_adenoma, female, male, ZellerG_2014, marker_abundance, stool"
ZellerG_2014.marker_presence.stool,Marker presence data from the ZellerG_2014 dataset specific to the stool bodysite.,3.4,,FASTQ,,,Homo Sapiens,9606,NA,"Structural and Computational Biology Unit, European Molecular Biology Laboratory, Heidelberg, Germany.",Lucas Schiffer <schiffer.lucas@gmail.com>,ExpressionSet,Rda,ZellerG_2014.marker_presence.stool.rda,"n, cancer, small_adenoma, large_adenoma, female, male, ZellerG_2014, marker_presence, stool"
ZellerG_2014.metaphlan_bugs_list.stool,Taxonomic abundance data from the ZellerG_2014 dataset specific to the stool bodysite.,3.4,,FASTQ,,,Homo Sapiens,9606,NA,"Structural and Computational Biology Unit, European Molecular Biology Laboratory, Heidelberg, Germany.",Lucas Schiffer <schiffer.lucas@gmail.com>,ExpressionSet,Rda,ZellerG_2014.metaphlan_bugs_list.stool.rda,"n, cancer, small_adenoma, large_adenoma, female, male, ZellerG_2014, metaphlan_bugs_list, stool"
ZellerG_2014.pathabundance_relab.stool,Relabeled pathabundance data from the ZellerG_2014 dataset specific to the stool bodysite.,3.4,,FASTQ,,,Homo Sapiens,9606,NA,"Structural and Computational Biology Unit, European Molecular Biology Laboratory, Heidelberg, Germany.",Lucas Schiffer <schiffer.lucas@gmail.com>,ExpressionSet,Rda,ZellerG_2014.pathabundance_relab.stool.rda,"n, cancer, small_adenoma, large_adenoma, female, male, ZellerG_2014, pathabundance_relab, stool"
ZellerG_2014.pathcoverage.stool,Pathcoverage data from the ZellerG_2014 dataset specific to the stool bodysite.,3.4,,FASTQ,,,Homo Sapiens,9606,NA,"Structural and Computational Biology Unit, European Molecular Biology Laboratory, Heidelberg, Germany.",Lucas Schiffer <schiffer.lucas@gmail.com>,ExpressionSet,Rda,ZellerG_2014.pathcoverage.stool.rda,"n, cancer, small_adenoma, large_adenoma, female, male, ZellerG_2014, pathcoverage, stool"
HMP_2012.marker_abundance.anterior_nares,Marker abundance data from the HMP_2012 dataset specific to the anterior_nares bodysite.,3.4,,FASTQ,,,Homo Sapiens,9606,NA,"Department of Psychology, Abdul Haq Campus, Federal Urdu University for Arts, Science and Technology, Karachi, Pakistan. shahiq_psy@yahoo.com",Lucas Schiffer <schiffer.lucas@gmail.com>,ExpressionSet,Rda,HMP_2012.marker_abundance.anterior_nares.rda,"n, female, male, HMP_2012, marker_abundance, anterior_nares"
HMP_2012.marker_abundance.buccal_mucosa,Marker abundance data from the HMP_2012 dataset specific to the buccal_mucosa bodysite.,3.4,,FASTQ,,,Homo Sapiens,9606,NA,"Department of Psychology, Abdul Haq Campus, Federal Urdu University for Arts, Science and Technology, Karachi, Pakistan. shahiq_psy@yahoo.com",Lucas Schiffer <schiffer.lucas@gmail.com>,ExpressionSet,Rda,HMP_2012.marker_abundance.buccal_mucosa.rda,"n, female, male, HMP_2012, marker_abundance, buccal_mucosa"
HMP_2012.marker_abundance.hard_palate,Marker abundance data from the HMP_2012 dataset specific to the hard_palate bodysite.,3.4,,FASTQ,,,Homo Sapiens,9606,NA,"Department of Psychology, Abdul Haq Campus, Federal Urdu University for Arts, Science and Technology, Karachi, Pakistan. shahiq_psy@yahoo.com",Lucas Schiffer <schiffer.lucas@gmail.com>,ExpressionSet,Rda,HMP_2012.marker_abundance.hard_palate.rda,"n, male, HMP_2012, marker_abundance, hard_palate"
HMP_2012.marker_abundance.keratinized_gingiva,Marker abundance data from the HMP_2012 dataset specific to the keratinized_gingiva bodysite.,3.4,,FASTQ,,,Homo Sapiens,9606,NA,"Department of Psychology, Abdul Haq Campus, Federal Urdu University for Arts, Science and Technology, Karachi, Pakistan. shahiq_psy@yahoo.com",Lucas Schiffer <schiffer.lucas@gmail.com>,ExpressionSet,Rda,HMP_2012.marker_abundance.keratinized_gingiva.rda,"n, male, female, HMP_2012, marker_abundance, keratinized_gingiva"
HMP_2012.marker_abundance.l_retroauricular_crease,Marker abundance data from the HMP_2012 dataset specific to the l_retroauricular_crease bodysite.,3.4,,FASTQ,,,Homo Sapiens,9606,NA,"Department of Psychology, Abdul Haq Campus, Federal Urdu University for Arts, Science and Technology, Karachi, Pakistan. shahiq_psy@yahoo.com",Lucas Schiffer <schiffer.lucas@gmail.com>,ExpressionSet,Rda,HMP_2012.marker_abundance.l_retroauricular_crease.rda,"n, male, HMP_2012, marker_abundance, l_retroauricular_crease"
HMP_2012.marker_abundance.mid_vagina,Marker abundance data from the HMP_2012 dataset specific to the mid_vagina bodysite.,3.4,,FASTQ,,,Homo Sapiens,9606,NA,"Department of Psychology, Abdul Haq Campus, Federal Urdu University for Arts, Science and Technology, Karachi, Pakistan. shahiq_psy@yahoo.com",Lucas Schiffer <schiffer.lucas@gmail.com>,ExpressionSet,Rda,HMP_2012.marker_abundance.mid_vagina.rda,"n, female, HMP_2012, marker_abundance, mid_vagina"
HMP_2012.marker_abundance.palatine_tonsils,Marker abundance data from the HMP_2012 dataset specific to the palatine_tonsils bodysite.,3.4,,FASTQ,,,Homo Sapiens,9606,NA,"Department of Psychology, Abdul Haq Campus, Federal Urdu University for Arts, Science and Technology, Karachi, Pakistan. shahiq_psy@yahoo.com",Lucas Schiffer <schiffer.lucas@gmail.com>,ExpressionSet,Rda,HMP_2012.marker_abundance.palatine_tonsils.rda,"n, male, female, HMP_2012, marker_abundance, palatine_tonsils"
HMP_2012.marker_abundance.posterior_fornix,Marker abundance data from the HMP_2012 dataset specific to the posterior_fornix bodysite.,3.4,,FASTQ,,,Homo Sapiens,9606,NA,"Department of Psychology, Abdul Haq Campus, Federal Urdu University for Arts, Science and Technology, Karachi, Pakistan. shahiq_psy@yahoo.com",Lucas Schiffer <schiffer.lucas@gmail.com>,ExpressionSet,Rda,HMP_2012.marker_abundance.posterior_fornix.rda,"n, female, HMP_2012, marker_abundance, posterior_fornix"
HMP_2012.marker_abundance.r_retroauricular_crease,Marker abundance data from the HMP_2012 dataset specific to the r_retroauricular_crease bodysite.,3.4,,FASTQ,,,Homo Sapiens,9606,NA,"Department of Psychology, Abdul Haq Campus, Federal Urdu University for Arts, Science and Technology, Karachi, Pakistan. shahiq_psy@yahoo.com",Lucas Schiffer <schiffer.lucas@gmail.com>,ExpressionSet,Rda,HMP_2012.marker_abundance.r_retroauricular_crease.rda,"n, male, female, HMP_2012, marker_abundance, r_retroauricular_crease"
HMP_2012.marker_abundance.saliva,Marker abundance data from the HMP_2012 dataset specific to the saliva bodysite.,3.4,,FASTQ,,,Homo Sapiens,9606,NA,"Department of Psychology, Abdul Haq Campus, Federal Urdu University for Arts, Science and Technology, Karachi, Pakistan. shahiq_psy@yahoo.com",Lucas Schiffer <schiffer.lucas@gmail.com>,ExpressionSet,Rda,HMP_2012.marker_abundance.saliva.rda,"n, male, female, HMP_2012, marker_abundance, saliva"
HMP_2012.marker_abundance.stool,Marker abundance data from the HMP_2012 dataset specific to the stool bodysite.,3.4,,FASTQ,,,Homo Sapiens,9606,NA,"Department of Psychology, Abdul Haq Campus, Federal Urdu University for Arts, Science and Technology, Karachi, Pakistan. shahiq_psy@yahoo.com",Lucas Schiffer <schiffer.lucas@gmail.com>,ExpressionSet,Rda,HMP_2012.marker_abundance.stool.rda,"n, female, male, HMP_2012, marker_abundance, stool"
HMP_2012.marker_abundance.subgingival_plaque,Marker abundance data from the HMP_2012 dataset specific to the subgingival_plaque bodysite.,3.4,,FASTQ,,,Homo Sapiens,9606,NA,"Department of Psychology, Abdul Haq Campus, Federal Urdu University for Arts, Science and Technology, Karachi, Pakistan. shahiq_psy@yahoo.com",Lucas Schiffer <schiffer.lucas@gmail.com>,ExpressionSet,Rda,HMP_2012.marker_abundance.subgingival_plaque.rda,"n, male, female, HMP_2012, marker_abundance, subgingival_plaque"
HMP_2012.marker_abundance.supragingival_plaque,Marker abundance data from the HMP_2012 dataset specific to the supragingival_plaque bodysite.,3.4,,FASTQ,,,Homo Sapiens,9606,NA,"Department of Psychology, Abdul Haq Campus, Federal Urdu University for Arts, Science and Technology, Karachi, Pakistan. shahiq_psy@yahoo.com",Lucas Schiffer <schiffer.lucas@gmail.com>,ExpressionSet,Rda,HMP_2012.marker_abundance.supragingival_plaque.rda,"n, female, male, HMP_2012, marker_abundance, supragingival_plaque"
HMP_2012.marker_abundance.throat,Marker abundance data from the HMP_2012 dataset specific to the throat bodysite.,3.4,,FASTQ,,,Homo Sapiens,9606,NA,"Department of Psychology, Abdul Haq Campus, Federal Urdu University for Arts, Science and Technology, Karachi, Pakistan. shahiq_psy@yahoo.com",Lucas Schiffer <schiffer.lucas@gmail.com>,ExpressionSet,Rda,HMP_2012.marker_abundance.throat.rda,"n, male, female, HMP_2012, marker_abundance, throat"
HMP_2012.marker_abundance.tongue_dorsum,Marker abundance data from the HMP_2012 dataset specific to the tongue_dorsum bodysite.,3.4,,FASTQ,,,Homo Sapiens,9606,NA,"Department of Psychology, Abdul Haq Campus, Federal Urdu University for Arts, Science and Technology, Karachi, Pakistan. shahiq_psy@yahoo.com",Lucas Schiffer <schiffer.lucas@gmail.com>,ExpressionSet,Rda,HMP_2012.marker_abundance.tongue_dorsum.rda,"n, female, male, HMP_2012, marker_abundance, tongue_dorsum"
HMP_2012.marker_abundance.vaginal_introitus,Marker abundance data from the HMP_2012 dataset specific to the vaginal_introitus bodysite.,3.4,,FASTQ,,,Homo Sapiens,9606,NA,"Department of Psychology, Abdul Haq Campus, Federal Urdu University for Arts, Science and Technology, Karachi, Pakistan. shahiq_psy@yahoo.com",Lucas Schiffer <schiffer.lucas@gmail.com>,ExpressionSet,Rda,HMP_2012.marker_abundance.vaginal_introitus.rda,"n, female, HMP_2012, marker_abundance, vaginal_introitus"
HMP_2012.marker_presence.anterior_nares,Marker presence data from the HMP_2012 dataset specific to the anterior_nares bodysite.,3.4,,FASTQ,,,Homo Sapiens,9606,NA,"Department of Psychology, Abdul Haq Campus, Federal Urdu University for Arts, Science and Technology, Karachi, Pakistan. shahiq_psy@yahoo.com",Lucas Schiffer <schiffer.lucas@gmail.com>,ExpressionSet,Rda,HMP_2012.marker_presence.anterior_nares.rda,"n, female, male, HMP_2012, marker_presence, anterior_nares"
HMP_2012.marker_presence.buccal_mucosa,Marker presence data from the HMP_2012 dataset specific to the buccal_mucosa bodysite.,3.4,,FASTQ,,,Homo Sapiens,9606,NA,"Department of Psychology, Abdul Haq Campus, Federal Urdu University for Arts, Science and Technology, Karachi, Pakistan. shahiq_psy@yahoo.com",Lucas Schiffer <schiffer.lucas@gmail.com>,ExpressionSet,Rda,HMP_2012.marker_presence.buccal_mucosa.rda,"n, female, male, HMP_2012, marker_presence, buccal_mucosa"
HMP_2012.marker_presence.hard_palate,Marker presence data from the HMP_2012 dataset specific to the hard_palate bodysite.,3.4,,FASTQ,,,Homo Sapiens,9606,NA,"Department of Psychology, Abdul Haq Campus, Federal Urdu University for Arts, Science and Technology, Karachi, Pakistan. shahiq_psy@yahoo.com",Lucas Schiffer <schiffer.lucas@gmail.com>,ExpressionSet,Rda,HMP_2012.marker_presence.hard_palate.rda,"n, male, HMP_2012, marker_presence, hard_palate"
HMP_2012.marker_presence.keratinized_gingiva,Marker presence data from the HMP_2012 dataset specific to the keratinized_gingiva bodysite.,3.4,,FASTQ,,,Homo Sapiens,9606,NA,"Department of Psychology, Abdul Haq Campus, Federal Urdu University for Arts, Science and Technology, Karachi, Pakistan. shahiq_psy@yahoo.com",Lucas Schiffer <schiffer.lucas@gmail.com>,ExpressionSet,Rda,HMP_2012.marker_presence.keratinized_gingiva.rda,"n, male, female, HMP_2012, marker_presence, keratinized_gingiva"
HMP_2012.marker_presence.l_retroauricular_crease,Marker presence data from the HMP_2012 dataset specific to the l_retroauricular_crease bodysite.,3.4,,FASTQ,,,Homo Sapiens,9606,NA,"Department of Psychology, Abdul Haq Campus, Federal Urdu University for Arts, Science and Technology, Karachi, Pakistan. shahiq_psy@yahoo.com",Lucas Schiffer <schiffer.lucas@gmail.com>,ExpressionSet,Rda,HMP_2012.marker_presence.l_retroauricular_crease.rda,"n, male, HMP_2012, marker_presence, l_retroauricular_crease"
HMP_2012.marker_presence.mid_vagina,Marker presence data from the HMP_2012 dataset specific to the mid_vagina bodysite.,3.4,,FASTQ,,,Homo Sapiens,9606,NA,"Department of Psychology, Abdul Haq Campus, Federal Urdu University for Arts, Science and Technology, Karachi, Pakistan. shahiq_psy@yahoo.com",Lucas Schiffer <schiffer.lucas@gmail.com>,ExpressionSet,Rda,HMP_2012.marker_presence.mid_vagina.rda,"n, female, HMP_2012, marker_presence, mid_vagina"
HMP_2012.marker_presence.palatine_tonsils,Marker presence data from the HMP_2012 dataset specific to the palatine_tonsils bodysite.,3.4,,FASTQ,,,Homo Sapiens,9606,NA,"Department of Psychology, Abdul Haq Campus, Federal Urdu University for Arts, Science and Technology, Karachi, Pakistan. shahiq_psy@yahoo.com",Lucas Schiffer <schiffer.lucas@gmail.com>,ExpressionSet,Rda,HMP_2012.marker_presence.palatine_tonsils.rda,"n, male, female, HMP_2012, marker_presence, palatine_tonsils"
HMP_2012.marker_presence.posterior_fornix,Marker presence data from the HMP_2012 dataset specific to the posterior_fornix bodysite.,3.4,,FASTQ,,,Homo Sapiens,9606,NA,"Department of Psychology, Abdul Haq Campus, Federal Urdu University for Arts, Science and Technology, Karachi, Pakistan. shahiq_psy@yahoo.com",Lucas Schiffer <schiffer.lucas@gmail.com>,ExpressionSet,Rda,HMP_2012.marker_presence.posterior_fornix.rda,"n, female, HMP_2012, marker_presence, posterior_fornix"
HMP_2012.marker_presence.r_retroauricular_crease,Marker presence data from the HMP_2012 dataset specific to the r_retroauricular_crease bodysite.,3.4,,FASTQ,,,Homo Sapiens,9606,NA,"Department of Psychology, Abdul Haq Campus, Federal Urdu University for Arts, Science and Technology, Karachi, Pakistan. shahiq_psy@yahoo.com",Lucas Schiffer <schiffer.lucas@gmail.com>,ExpressionSet,Rda,HMP_2012.marker_presence.r_retroauricular_crease.rda,"n, male, female, HMP_2012, marker_presence, r_retroauricular_crease"
HMP_2012.marker_presence.saliva,Marker presence data from the HMP_2012 dataset specific to the saliva bodysite.,3.4,,FASTQ,,,Homo Sapiens,9606,NA,"Department of Psychology, Abdul Haq Campus, Federal Urdu University for Arts, Science and Technology, Karachi, Pakistan. shahiq_psy@yahoo.com",Lucas Schiffer <schiffer.lucas@gmail.com>,ExpressionSet,Rda,HMP_2012.marker_presence.saliva.rda,"n, male, female, HMP_2012, marker_presence, saliva"
HMP_2012.marker_presence.stool,Marker presence data from the HMP_2012 dataset specific to the stool bodysite.,3.4,,FASTQ,,,Homo Sapiens,9606,NA,"Department of Psychology, Abdul Haq Campus, Federal Urdu University for Arts, Science and Technology, Karachi, Pakistan. shahiq_psy@yahoo.com",Lucas Schiffer <schiffer.lucas@gmail.com>,ExpressionSet,Rda,HMP_2012.marker_presence.stool.rda,"n, female, male, HMP_2012, marker_presence, stool"
HMP_2012.marker_presence.subgingival_plaque,Marker presence data from the HMP_2012 dataset specific to the subgingival_plaque bodysite.,3.4,,FASTQ,,,Homo Sapiens,9606,NA,"Department of Psychology, Abdul Haq Campus, Federal Urdu University for Arts, Science and Technology, Karachi, Pakistan. shahiq_psy@yahoo.com",Lucas Schiffer <schiffer.lucas@gmail.com>,ExpressionSet,Rda,HMP_2012.marker_presence.subgingival_plaque.rda,"n, male, female, HMP_2012, marker_presence, subgingival_plaque"
HMP_2012.marker_presence.supragingival_plaque,Marker presence data from the HMP_2012 dataset specific to the supragingival_plaque bodysite.,3.4,,FASTQ,,,Homo Sapiens,9606,NA,"Department of Psychology, Abdul Haq Campus, Federal Urdu University for Arts, Science and Technology, Karachi, Pakistan. shahiq_psy@yahoo.com",Lucas Schiffer <schiffer.lucas@gmail.com>,ExpressionSet,Rda,HMP_2012.marker_presence.supragingival_plaque.rda,"n, female, male, HMP_2012, marker_presence, supragingival_plaque"
HMP_2012.marker_presence.throat,Marker presence data from the HMP_2012 dataset specific to the throat bodysite.,3.4,,FASTQ,,,Homo Sapiens,9606,NA,"Department of Psychology, Abdul Haq Campus, Federal Urdu University for Arts, Science and Technology, Karachi, Pakistan. shahiq_psy@yahoo.com",Lucas Schiffer <schiffer.lucas@gmail.com>,ExpressionSet,Rda,HMP_2012.marker_presence.throat.rda,"n, male, female, HMP_2012, marker_presence, throat"
HMP_2012.marker_presence.tongue_dorsum,Marker presence data from the HMP_2012 dataset specific to the tongue_dorsum bodysite.,3.4,,FASTQ,,,Homo Sapiens,9606,NA,"Department of Psychology, Abdul Haq Campus, Federal Urdu University for Arts, Science and Technology, Karachi, Pakistan. shahiq_psy@yahoo.com",Lucas Schiffer <schiffer.lucas@gmail.com>,ExpressionSet,Rda,HMP_2012.marker_presence.tongue_dorsum.rda,"n, female, male, HMP_2012, marker_presence, tongue_dorsum"
HMP_2012.marker_presence.vaginal_introitus,Marker presence data from the HMP_2012 dataset specific to the vaginal_introitus bodysite.,3.4,,FASTQ,,,Homo Sapiens,9606,NA,"Department of Psychology, Abdul Haq Campus, Federal Urdu University for Arts, Science and Technology, Karachi, Pakistan. shahiq_psy@yahoo.com",Lucas Schiffer <schiffer.lucas@gmail.com>,ExpressionSet,Rda,HMP_2012.marker_presence.vaginal_introitus.rda,"n, female, HMP_2012, marker_presence, vaginal_introitus"
HMP_2012.metaphlan_bugs_list.anterior_nares,Taxonomic abundance data from the HMP_2012 dataset specific to the anterior_nares bodysite.,3.4,,FASTQ,,,Homo Sapiens,9606,NA,"Department of Psychology, Abdul Haq Campus, Federal Urdu University for Arts, Science and Technology, Karachi, Pakistan. shahiq_psy@yahoo.com",Lucas Schiffer <schiffer.lucas@gmail.com>,ExpressionSet,Rda,HMP_2012.metaphlan_bugs_list.anterior_nares.rda,"n, female, male, HMP_2012, metaphlan_bugs_list, anterior_nares"
HMP_2012.metaphlan_bugs_list.buccal_mucosa,Taxonomic abundance data from the HMP_2012 dataset specific to the buccal_mucosa bodysite.,3.4,,FASTQ,,,Homo Sapiens,9606,NA,"Department of Psychology, Abdul Haq Campus, Federal Urdu University for Arts, Science and Technology, Karachi, Pakistan. shahiq_psy@yahoo.com",Lucas Schiffer <schiffer.lucas@gmail.com>,ExpressionSet,Rda,HMP_2012.metaphlan_bugs_list.buccal_mucosa.rda,"n, female, male, HMP_2012, metaphlan_bugs_list, buccal_mucosa"
HMP_2012.metaphlan_bugs_list.hard_palate,Taxonomic abundance data from the HMP_2012 dataset specific to the hard_palate bodysite.,3.4,,FASTQ,,,Homo Sapiens,9606,NA,"Department of Psychology, Abdul Haq Campus, Federal Urdu University for Arts, Science and Technology, Karachi, Pakistan. shahiq_psy@yahoo.com",Lucas Schiffer <schiffer.lucas@gmail.com>,ExpressionSet,Rda,HMP_2012.metaphlan_bugs_list.hard_palate.rda,"n, male, HMP_2012, metaphlan_bugs_list, hard_palate"
HMP_2012.metaphlan_bugs_list.keratinized_gingiva,Taxonomic abundance data from the HMP_2012 dataset specific to the keratinized_gingiva bodysite.,3.4,,FASTQ,,,Homo Sapiens,9606,NA,"Department of Psychology, Abdul Haq Campus, Federal Urdu University for Arts, Science and Technology, Karachi, Pakistan. shahiq_psy@yahoo.com",Lucas Schiffer <schiffer.lucas@gmail.com>,ExpressionSet,Rda,HMP_2012.metaphlan_bugs_list.keratinized_gingiva.rda,"n, male, female, HMP_2012, metaphlan_bugs_list, keratinized_gingiva"
HMP_2012.metaphlan_bugs_list.l_retroauricular_crease,Taxonomic abundance data from the HMP_2012 dataset specific to the l_retroauricular_crease bodysite.,3.4,,FASTQ,,,Homo Sapiens,9606,NA,"Department of Psychology, Abdul Haq Campus, Federal Urdu University for Arts, Science and Technology, Karachi, Pakistan. shahiq_psy@yahoo.com",Lucas Schiffer <schiffer.lucas@gmail.com>,ExpressionSet,Rda,HMP_2012.metaphlan_bugs_list.l_retroauricular_crease.rda,"n, male, HMP_2012, metaphlan_bugs_list, l_retroauricular_crease"
HMP_2012.metaphlan_bugs_list.mid_vagina,Taxonomic abundance data from the HMP_2012 dataset specific to the mid_vagina bodysite.,3.4,,FASTQ,,,Homo Sapiens,9606,NA,"Department of Psychology, Abdul Haq Campus, Federal Urdu University for Arts, Science and Technology, Karachi, Pakistan. shahiq_psy@yahoo.com",Lucas Schiffer <schiffer.lucas@gmail.com>,ExpressionSet,Rda,HMP_2012.metaphlan_bugs_list.mid_vagina.rda,"n, female, HMP_2012, metaphlan_bugs_list, mid_vagina"
HMP_2012.metaphlan_bugs_list.palatine_tonsils,Taxonomic abundance data from the HMP_2012 dataset specific to the palatine_tonsils bodysite.,3.4,,FASTQ,,,Homo Sapiens,9606,NA,"Department of Psychology, Abdul Haq Campus, Federal Urdu University for Arts, Science and Technology, Karachi, Pakistan. shahiq_psy@yahoo.com",Lucas Schiffer <schiffer.lucas@gmail.com>,ExpressionSet,Rda,HMP_2012.metaphlan_bugs_list.palatine_tonsils.rda,"n, male, female, HMP_2012, metaphlan_bugs_list, palatine_tonsils"
HMP_2012.metaphlan_bugs_list.posterior_fornix,Taxonomic abundance data from the HMP_2012 dataset specific to the posterior_fornix bodysite.,3.4,,FASTQ,,,Homo Sapiens,9606,NA,"Department of Psychology, Abdul Haq Campus, Federal Urdu University for Arts, Science and Technology, Karachi, Pakistan. shahiq_psy@yahoo.com",Lucas Schiffer <schiffer.lucas@gmail.com>,ExpressionSet,Rda,HMP_2012.metaphlan_bugs_list.posterior_fornix.rda,"n, female, HMP_2012, metaphlan_bugs_list, posterior_fornix"
HMP_2012.metaphlan_bugs_list.r_retroauricular_crease,Taxonomic abundance data from the HMP_2012 dataset specific to the r_retroauricular_crease bodysite.,3.4,,FASTQ,,,Homo Sapiens,9606,NA,"Department of Psychology, Abdul Haq Campus, Federal Urdu University for Arts, Science and Technology, Karachi, Pakistan. shahiq_psy@yahoo.com",Lucas Schiffer <schiffer.lucas@gmail.com>,ExpressionSet,Rda,HMP_2012.metaphlan_bugs_list.r_retroauricular_crease.rda,"n, male, female, HMP_2012, metaphlan_bugs_list, r_retroauricular_crease"
HMP_2012.metaphlan_bugs_list.saliva,Taxonomic abundance data from the HMP_2012 dataset specific to the saliva bodysite.,3.4,,FASTQ,,,Homo Sapiens,9606,NA,"Department of Psychology, Abdul Haq Campus, Federal Urdu University for Arts, Science and Technology, Karachi, Pakistan. shahiq_psy@yahoo.com",Lucas Schiffer <schiffer.lucas@gmail.com>,ExpressionSet,Rda,HMP_2012.metaphlan_bugs_list.saliva.rda,"n, male, female, HMP_2012, metaphlan_bugs_list, saliva"
HMP_2012.metaphlan_bugs_list.stool,Taxonomic abundance data from the HMP_2012 dataset specific to the stool bodysite.,3.4,,FASTQ,,,Homo Sapiens,9606,NA,"Department of Psychology, Abdul Haq Campus, Federal Urdu University for Arts, Science and Technology, Karachi, Pakistan. shahiq_psy@yahoo.com",Lucas Schiffer <schiffer.lucas@gmail.com>,ExpressionSet,Rda,HMP_2012.metaphlan_bugs_list.stool.rda,"n, female, male, HMP_2012, metaphlan_bugs_list, stool"
HMP_2012.metaphlan_bugs_list.subgingival_plaque,Taxonomic abundance data from the HMP_2012 dataset specific to the subgingival_plaque bodysite.,3.4,,FASTQ,,,Homo Sapiens,9606,NA,"Department of Psychology, Abdul Haq Campus, Federal Urdu University for Arts, Science and Technology, Karachi, Pakistan. shahiq_psy@yahoo.com",Lucas Schiffer <schiffer.lucas@gmail.com>,ExpressionSet,Rda,HMP_2012.metaphlan_bugs_list.subgingival_plaque.rda,"n, male, female, HMP_2012, metaphlan_bugs_list, subgingival_plaque"
HMP_2012.metaphlan_bugs_list.supragingival_plaque,Taxonomic abundance data from the HMP_2012 dataset specific to the supragingival_plaque bodysite.,3.4,,FASTQ,,,Homo Sapiens,9606,NA,"Department of Psychology, Abdul Haq Campus, Federal Urdu University for Arts, Science and Technology, Karachi, Pakistan. shahiq_psy@yahoo.com",Lucas Schiffer <schiffer.lucas@gmail.com>,ExpressionSet,Rda,HMP_2012.metaphlan_bugs_list.supragingival_plaque.rda,"n, female, male, HMP_2012, metaphlan_bugs_list, supragingival_plaque"
HMP_2012.metaphlan_bugs_list.throat,Taxonomic abundance data from the HMP_2012 dataset specific to the throat bodysite.,3.4,,FASTQ,,,Homo Sapiens,9606,NA,"Department of Psychology, Abdul Haq Campus, Federal Urdu University for Arts, Science and Technology, Karachi, Pakistan. shahiq_psy@yahoo.com",Lucas Schiffer <schiffer.lucas@gmail.com>,ExpressionSet,Rda,HMP_2012.metaphlan_bugs_list.throat.rda,"n, male, female, HMP_2012, metaphlan_bugs_list, throat"
HMP_2012.metaphlan_bugs_list.tongue_dorsum,Taxonomic abundance data from the HMP_2012 dataset specific to the tongue_dorsum bodysite.,3.4,,FASTQ,,,Homo Sapiens,9606,NA,"Department of Psychology, Abdul Haq Campus, Federal Urdu University for Arts, Science and Technology, Karachi, Pakistan. shahiq_psy@yahoo.com",Lucas Schiffer <schiffer.lucas@gmail.com>,ExpressionSet,Rda,HMP_2012.metaphlan_bugs_list.tongue_dorsum.rda,"n, female, male, HMP_2012, metaphlan_bugs_list, tongue_dorsum"
HMP_2012.metaphlan_bugs_list.vaginal_introitus,Taxonomic abundance data from the HMP_2012 dataset specific to the vaginal_introitus bodysite.,3.4,,FASTQ,,,Homo Sapiens,9606,NA,"Department of Psychology, Abdul Haq Campus, Federal Urdu University for Arts, Science and Technology, Karachi, Pakistan. shahiq_psy@yahoo.com",Lucas Schiffer <schiffer.lucas@gmail.com>,ExpressionSet,Rda,HMP_2012.metaphlan_bugs_list.vaginal_introitus.rda,"n, female, HMP_2012, metaphlan_bugs_list, vaginal_introitus"
HMP_2012.pathabundance_relab.anterior_nares,Relabeled pathabundance data from the HMP_2012 dataset specific to the anterior_nares bodysite.,3.4,,FASTQ,,,Homo Sapiens,9606,NA,"Department of Psychology, Abdul Haq Campus, Federal Urdu University for Arts, Science and Technology, Karachi, Pakistan. shahiq_psy@yahoo.com",Lucas Schiffer <schiffer.lucas@gmail.com>,ExpressionSet,Rda,HMP_2012.pathabundance_relab.anterior_nares.rda,"n, female, male, HMP_2012, pathabundance_relab, anterior_nares"
HMP_2012.pathabundance_relab.buccal_mucosa,Relabeled pathabundance data from the HMP_2012 dataset specific to the buccal_mucosa bodysite.,3.4,,FASTQ,,,Homo Sapiens,9606,NA,"Department of Psychology, Abdul Haq Campus, Federal Urdu University for Arts, Science and Technology, Karachi, Pakistan. shahiq_psy@yahoo.com",Lucas Schiffer <schiffer.lucas@gmail.com>,ExpressionSet,Rda,HMP_2012.pathabundance_relab.buccal_mucosa.rda,"n, female, male, HMP_2012, pathabundance_relab, buccal_mucosa"
HMP_2012.pathabundance_relab.hard_palate,Relabeled pathabundance data from the HMP_2012 dataset specific to the hard_palate bodysite.,3.4,,FASTQ,,,Homo Sapiens,9606,NA,"Department of Psychology, Abdul Haq Campus, Federal Urdu University for Arts, Science and Technology, Karachi, Pakistan. shahiq_psy@yahoo.com",Lucas Schiffer <schiffer.lucas@gmail.com>,ExpressionSet,Rda,HMP_2012.pathabundance_relab.hard_palate.rda,"n, male, HMP_2012, pathabundance_relab, hard_palate"
HMP_2012.pathabundance_relab.keratinized_gingiva,Relabeled pathabundance data from the HMP_2012 dataset specific to the keratinized_gingiva bodysite.,3.4,,FASTQ,,,Homo Sapiens,9606,NA,"Department of Psychology, Abdul Haq Campus, Federal Urdu University for Arts, Science and Technology, Karachi, Pakistan. shahiq_psy@yahoo.com",Lucas Schiffer <schiffer.lucas@gmail.com>,ExpressionSet,Rda,HMP_2012.pathabundance_relab.keratinized_gingiva.rda,"n, male, female, HMP_2012, pathabundance_relab, keratinized_gingiva"
HMP_2012.pathabundance_relab.l_retroauricular_crease,Relabeled pathabundance data from the HMP_2012 dataset specific to the l_retroauricular_crease bodysite.,3.4,,FASTQ,,,Homo Sapiens,9606,NA,"Department of Psychology, Abdul Haq Campus, Federal Urdu University for Arts, Science and Technology, Karachi, Pakistan. shahiq_psy@yahoo.com",Lucas Schiffer <schiffer.lucas@gmail.com>,ExpressionSet,Rda,HMP_2012.pathabundance_relab.l_retroauricular_crease.rda,"n, male, HMP_2012, pathabundance_relab, l_retroauricular_crease"
HMP_2012.pathabundance_relab.mid_vagina,Relabeled pathabundance data from the HMP_2012 dataset specific to the mid_vagina bodysite.,3.4,,FASTQ,,,Homo Sapiens,9606,NA,"Department of Psychology, Abdul Haq Campus, Federal Urdu University for Arts, Science and Technology, Karachi, Pakistan. shahiq_psy@yahoo.com",Lucas Schiffer <schiffer.lucas@gmail.com>,ExpressionSet,Rda,HMP_2012.pathabundance_relab.mid_vagina.rda,"n, female, HMP_2012, pathabundance_relab, mid_vagina"
HMP_2012.pathabundance_relab.palatine_tonsils,Relabeled pathabundance data from the HMP_2012 dataset specific to the palatine_tonsils bodysite.,3.4,,FASTQ,,,Homo Sapiens,9606,NA,"Department of Psychology, Abdul Haq Campus, Federal Urdu University for Arts, Science and Technology, Karachi, Pakistan. shahiq_psy@yahoo.com",Lucas Schiffer <schiffer.lucas@gmail.com>,ExpressionSet,Rda,HMP_2012.pathabundance_relab.palatine_tonsils.rda,"n, male, female, HMP_2012, pathabundance_relab, palatine_tonsils"
HMP_2012.pathabundance_relab.posterior_fornix,Relabeled pathabundance data from the HMP_2012 dataset specific to the posterior_fornix bodysite.,3.4,,FASTQ,,,Homo Sapiens,9606,NA,"Department of Psychology, Abdul Haq Campus, Federal Urdu University for Arts, Science and Technology, Karachi, Pakistan. shahiq_psy@yahoo.com",Lucas Schiffer <schiffer.lucas@gmail.com>,ExpressionSet,Rda,HMP_2012.pathabundance_relab.posterior_fornix.rda,"n, female, HMP_2012, pathabundance_relab, posterior_fornix"
HMP_2012.pathabundance_relab.r_retroauricular_crease,Relabeled pathabundance data from the HMP_2012 dataset specific to the r_retroauricular_crease bodysite.,3.4,,FASTQ,,,Homo Sapiens,9606,NA,"Department of Psychology, Abdul Haq Campus, Federal Urdu University for Arts, Science and Technology, Karachi, Pakistan. shahiq_psy@yahoo.com",Lucas Schiffer <schiffer.lucas@gmail.com>,ExpressionSet,Rda,HMP_2012.pathabundance_relab.r_retroauricular_crease.rda,"n, male, female, HMP_2012, pathabundance_relab, r_retroauricular_crease"
HMP_2012.pathabundance_relab.saliva,Relabeled pathabundance data from the HMP_2012 dataset specific to the saliva bodysite.,3.4,,FASTQ,,,Homo Sapiens,9606,NA,"Department of Psychology, Abdul Haq Campus, Federal Urdu University for Arts, Science and Technology, Karachi, Pakistan. shahiq_psy@yahoo.com",Lucas Schiffer <schiffer.lucas@gmail.com>,ExpressionSet,Rda,HMP_2012.pathabundance_relab.saliva.rda,"n, male, female, HMP_2012, pathabundance_relab, saliva"
HMP_2012.pathabundance_relab.stool,Relabeled pathabundance data from the HMP_2012 dataset specific to the stool bodysite.,3.4,,FASTQ,,,Homo Sapiens,9606,NA,"Department of Psychology, Abdul Haq Campus, Federal Urdu University for Arts, Science and Technology, Karachi, Pakistan. shahiq_psy@yahoo.com",Lucas Schiffer <schiffer.lucas@gmail.com>,ExpressionSet,Rda,HMP_2012.pathabundance_relab.stool.rda,"n, female, male, HMP_2012, pathabundance_relab, stool"
HMP_2012.pathabundance_relab.subgingival_plaque,Relabeled pathabundance data from the HMP_2012 dataset specific to the subgingival_plaque bodysite.,3.4,,FASTQ,,,Homo Sapiens,9606,NA,"Department of Psychology, Abdul Haq Campus, Federal Urdu University for Arts, Science and Technology, Karachi, Pakistan. shahiq_psy@yahoo.com",Lucas Schiffer <schiffer.lucas@gmail.com>,ExpressionSet,Rda,HMP_2012.pathabundance_relab.subgingival_plaque.rda,"n, male, female, HMP_2012, pathabundance_relab, subgingival_plaque"
HMP_2012.pathabundance_relab.supragingival_plaque,Relabeled pathabundance data from the HMP_2012 dataset specific to the supragingival_plaque bodysite.,3.4,,FASTQ,,,Homo Sapiens,9606,NA,"Department of Psychology, Abdul Haq Campus, Federal Urdu University for Arts, Science and Technology, Karachi, Pakistan. shahiq_psy@yahoo.com",Lucas Schiffer <schiffer.lucas@gmail.com>,ExpressionSet,Rda,HMP_2012.pathabundance_relab.supragingival_plaque.rda,"n, female, male, HMP_2012, pathabundance_relab, supragingival_plaque"
HMP_2012.pathabundance_relab.throat,Relabeled pathabundance data from the HMP_2012 dataset specific to the throat bodysite.,3.4,,FASTQ,,,Homo Sapiens,9606,NA,"Department of Psychology, Abdul Haq Campus, Federal Urdu University for Arts, Science and Technology, Karachi, Pakistan. shahiq_psy@yahoo.com",Lucas Schiffer <schiffer.lucas@gmail.com>,ExpressionSet,Rda,HMP_2012.pathabundance_relab.throat.rda,"n, male, female, HMP_2012, pathabundance_relab, throat"
HMP_2012.pathabundance_relab.tongue_dorsum,Relabeled pathabundance data from the HMP_2012 dataset specific to the tongue_dorsum bodysite.,3.4,,FASTQ,,,Homo Sapiens,9606,NA,"Department of Psychology, Abdul Haq Campus, Federal Urdu University for Arts, Science and Technology, Karachi, Pakistan. shahiq_psy@yahoo.com",Lucas Schiffer <schiffer.lucas@gmail.com>,ExpressionSet,Rda,HMP_2012.pathabundance_relab.tongue_dorsum.rda,"n, female, male, HMP_2012, pathabundance_relab, tongue_dorsum"
HMP_2012.pathabundance_relab.vaginal_introitus,Relabeled pathabundance data from the HMP_2012 dataset specific to the vaginal_introitus bodysite.,3.4,,FASTQ,,,Homo Sapiens,9606,NA,"Department of Psychology, Abdul Haq Campus, Federal Urdu University for Arts, Science and Technology, Karachi, Pakistan. shahiq_psy@yahoo.com",Lucas Schiffer <schiffer.lucas@gmail.com>,ExpressionSet,Rda,HMP_2012.pathabundance_relab.vaginal_introitus.rda,"n, female, HMP_2012, pathabundance_relab, vaginal_introitus"
HMP_2012.pathcoverage.anterior_nares,Pathcoverage data from the HMP_2012 dataset specific to the anterior_nares bodysite.,3.4,,FASTQ,,,Homo Sapiens,9606,NA,"Department of Psychology, Abdul Haq Campus, Federal Urdu University for Arts, Science and Technology, Karachi, Pakistan. shahiq_psy@yahoo.com",Lucas Schiffer <schiffer.lucas@gmail.com>,ExpressionSet,Rda,HMP_2012.pathcoverage.anterior_nares.rda,"n, female, male, HMP_2012, pathcoverage, anterior_nares"
HMP_2012.pathcoverage.buccal_mucosa,Pathcoverage data from the HMP_2012 dataset specific to the buccal_mucosa bodysite.,3.4,,FASTQ,,,Homo Sapiens,9606,NA,"Department of Psychology, Abdul Haq Campus, Federal Urdu University for Arts, Science and Technology, Karachi, Pakistan. shahiq_psy@yahoo.com",Lucas Schiffer <schiffer.lucas@gmail.com>,ExpressionSet,Rda,HMP_2012.pathcoverage.buccal_mucosa.rda,"n, female, male, HMP_2012, pathcoverage, buccal_mucosa"
HMP_2012.pathcoverage.hard_palate,Pathcoverage data from the HMP_2012 dataset specific to the hard_palate bodysite.,3.4,,FASTQ,,,Homo Sapiens,9606,NA,"Department of Psychology, Abdul Haq Campus, Federal Urdu University for Arts, Science and Technology, Karachi, Pakistan. shahiq_psy@yahoo.com",Lucas Schiffer <schiffer.lucas@gmail.com>,ExpressionSet,Rda,HMP_2012.pathcoverage.hard_palate.rda,"n, male, HMP_2012, pathcoverage, hard_palate"
HMP_2012.pathcoverage.keratinized_gingiva,Pathcoverage data from the HMP_2012 dataset specific to the keratinized_gingiva bodysite.,3.4,,FASTQ,,,Homo Sapiens,9606,NA,"Department of Psychology, Abdul Haq Campus, Federal Urdu University for Arts, Science and Technology, Karachi, Pakistan. shahiq_psy@yahoo.com",Lucas Schiffer <schiffer.lucas@gmail.com>,ExpressionSet,Rda,HMP_2012.pathcoverage.keratinized_gingiva.rda,"n, male, female, HMP_2012, pathcoverage, keratinized_gingiva"
HMP_2012.pathcoverage.l_retroauricular_crease,Pathcoverage data from the HMP_2012 dataset specific to the l_retroauricular_crease bodysite.,3.4,,FASTQ,,,Homo Sapiens,9606,NA,"Department of Psychology, Abdul Haq Campus, Federal Urdu University for Arts, Science and Technology, Karachi, Pakistan. shahiq_psy@yahoo.com",Lucas Schiffer <schiffer.lucas@gmail.com>,ExpressionSet,Rda,HMP_2012.pathcoverage.l_retroauricular_crease.rda,"n, male, HMP_2012, pathcoverage, l_retroauricular_crease"
HMP_2012.pathcoverage.mid_vagina,Pathcoverage data from the HMP_2012 dataset specific to the mid_vagina bodysite.,3.4,,FASTQ,,,Homo Sapiens,9606,NA,"Department of Psychology, Abdul Haq Campus, Federal Urdu University for Arts, Science and Technology, Karachi, Pakistan. shahiq_psy@yahoo.com",Lucas Schiffer <schiffer.lucas@gmail.com>,ExpressionSet,Rda,HMP_2012.pathcoverage.mid_vagina.rda,"n, female, HMP_2012, pathcoverage, mid_vagina"
HMP_2012.pathcoverage.palatine_tonsils,Pathcoverage data from the HMP_2012 dataset specific to the palatine_tonsils bodysite.,3.4,,FASTQ,,,Homo Sapiens,9606,NA,"Department of Psychology, Abdul Haq Campus, Federal Urdu University for Arts, Science and Technology, Karachi, Pakistan. shahiq_psy@yahoo.com",Lucas Schiffer <schiffer.lucas@gmail.com>,ExpressionSet,Rda,HMP_2012.pathcoverage.palatine_tonsils.rda,"n, male, female, HMP_2012, pathcoverage, palatine_tonsils"
HMP_2012.pathcoverage.posterior_fornix,Pathcoverage data from the HMP_2012 dataset specific to the posterior_fornix bodysite.,3.4,,FASTQ,,,Homo Sapiens,9606,NA,"Department of Psychology, Abdul Haq Campus, Federal Urdu University for Arts, Science and Technology, Karachi, Pakistan. shahiq_psy@yahoo.com",Lucas Schiffer <schiffer.lucas@gmail.com>,ExpressionSet,Rda,HMP_2012.pathcoverage.posterior_fornix.rda,"n, female, HMP_2012, pathcoverage, posterior_fornix"
HMP_2012.pathcoverage.r_retroauricular_crease,Pathcoverage data from the HMP_2012 dataset specific to the r_retroauricular_crease bodysite.,3.4,,FASTQ,,,Homo Sapiens,9606,NA,"Department of Psychology, Abdul Haq Campus, Federal Urdu University for Arts, Science and Technology, Karachi, Pakistan. shahiq_psy@yahoo.com",Lucas Schiffer <schiffer.lucas@gmail.com>,ExpressionSet,Rda,HMP_2012.pathcoverage.r_retroauricular_crease.rda,"n, male, female, HMP_2012, pathcoverage, r_retroauricular_crease"
HMP_2012.pathcoverage.saliva,Pathcoverage data from the HMP_2012 dataset specific to the saliva bodysite.,3.4,,FASTQ,,,Homo Sapiens,9606,NA,"Department of Psychology, Abdul Haq Campus, Federal Urdu University for Arts, Science and Technology, Karachi, Pakistan. shahiq_psy@yahoo.com",Lucas Schiffer <schiffer.lucas@gmail.com>,ExpressionSet,Rda,HMP_2012.pathcoverage.saliva.rda,"n, male, female, HMP_2012, pathcoverage, saliva"
HMP_2012.pathcoverage.stool,Pathcoverage data from the HMP_2012 dataset specific to the stool bodysite.,3.4,,FASTQ,,,Homo Sapiens,9606,NA,"Department of Psychology, Abdul Haq Campus, Federal Urdu University for Arts, Science and Technology, Karachi, Pakistan. shahiq_psy@yahoo.com",Lucas Schiffer <schiffer.lucas@gmail.com>,ExpressionSet,Rda,HMP_2012.pathcoverage.stool.rda,"n, female, male, HMP_2012, pathcoverage, stool"
HMP_2012.pathcoverage.subgingival_plaque,Pathcoverage data from the HMP_2012 dataset specific to the subgingival_plaque bodysite.,3.4,,FASTQ,,,Homo Sapiens,9606,NA,"Department of Psychology, Abdul Haq Campus, Federal Urdu University for Arts, Science and Technology, Karachi, Pakistan. shahiq_psy@yahoo.com",Lucas Schiffer <schiffer.lucas@gmail.com>,ExpressionSet,Rda,HMP_2012.pathcoverage.subgingival_plaque.rda,"n, male, female, HMP_2012, pathcoverage, subgingival_plaque"
HMP_2012.pathcoverage.supragingival_plaque,Pathcoverage data from the HMP_2012 dataset specific to the supragingival_plaque bodysite.,3.4,,FASTQ,,,Homo Sapiens,9606,NA,"Department of Psychology, Abdul Haq Campus, Federal Urdu University for Arts, Science and Technology, Karachi, Pakistan. shahiq_psy@yahoo.com",Lucas Schiffer <schiffer.lucas@gmail.com>,ExpressionSet,Rda,HMP_2012.pathcoverage.supragingival_plaque.rda,"n, female, male, HMP_2012, pathcoverage, supragingival_plaque"
HMP_2012.pathcoverage.throat,Pathcoverage data from the HMP_2012 dataset specific to the throat bodysite.,3.4,,FASTQ,,,Homo Sapiens,9606,NA,"Department of Psychology, Abdul Haq Campus, Federal Urdu University for Arts, Science and Technology, Karachi, Pakistan. shahiq_psy@yahoo.com",Lucas Schiffer <schiffer.lucas@gmail.com>,ExpressionSet,Rda,HMP_2012.pathcoverage.throat.rda,"n, male, female, HMP_2012, pathcoverage, throat"
HMP_2012.pathcoverage.tongue_dorsum,Pathcoverage data from the HMP_2012 dataset specific to the tongue_dorsum bodysite.,3.4,,FASTQ,,,Homo Sapiens,9606,NA,"Department of Psychology, Abdul Haq Campus, Federal Urdu University for Arts, Science and Technology, Karachi, Pakistan. shahiq_psy@yahoo.com",Lucas Schiffer <schiffer.lucas@gmail.com>,ExpressionSet,Rda,HMP_2012.pathcoverage.tongue_dorsum.rda,"n, female, male, HMP_2012, pathcoverage, tongue_dorsum"
HMP_2012.pathcoverage.vaginal_introitus,Pathcoverage data from the HMP_2012 dataset specific to the vaginal_introitus bodysite.,3.4,,FASTQ,,,Homo Sapiens,9606,NA,"Department of Psychology, Abdul Haq Campus, Federal Urdu University for Arts, Science and Technology, Karachi, Pakistan. shahiq_psy@yahoo.com",Lucas Schiffer <schiffer.lucas@gmail.com>,ExpressionSet,Rda,HMP_2012.pathcoverage.vaginal_introitus.rda,"n, female, HMP_2012, pathcoverage, vaginal_introitus"
