# Pathway	H8_Coverage
UNMAPPED	1.0000000000
UNINTEGRATED	1.0000000000
UNINTEGRATED|g__Prevotella.s__Prevotella_stercorea	1.0000000000
UNINTEGRATED|g__Roseburia.s__Roseburia_inulinivorans	1.0000000000
UNINTEGRATED|g__Catenibacterium.s__Catenibacterium_mitsuokai	1.0000000000
UNINTEGRATED|g__Faecalibacterium.s__Faecalibacterium_prausnitzii	1.0000000000
UNINTEGRATED|g__Ruminococcus.s__Ruminococcus_bromii	1.0000000000
UNINTEGRATED|g__Coprococcus.s__Coprococcus_comes	1.0000000000
UNINTEGRATED|g__Streptococcus.s__Streptococcus_salivarius	1.0000000000
UNINTEGRATED|g__Eubacterium.s__Eubacterium_hallii	1.0000000000
UNINTEGRATED|g__Roseburia.s__Roseburia_hominis	1.0000000000
UNINTEGRATED|g__Eubacterium.s__Eubacterium_ramulus	1.0000000000
UNINTEGRATED|g__Erysipelotrichaceae_noname.s__Eubacterium_biforme	1.0000000000
UNINTEGRATED|g__Coprococcus.s__Coprococcus_catus	1.0000000000
UNINTEGRATED|g__Eubacterium.s__Eubacterium_rectale	1.0000000000
UNINTEGRATED|g__Phascolarctobacterium.s__Phascolarctobacterium_succinatutens	1.0000000000
UNINTEGRATED|g__Treponema.s__Treponema_succinifaciens	1.0000000000
UNINTEGRATED|g__Eubacterium.s__Eubacterium_siraeum	1.0000000000
UNINTEGRATED|g__Prevotella.s__Prevotella_copri	1.0000000000
UNINTEGRATED|g__Ruminococcus.s__Ruminococcus_callidus	1.0000000000
UNINTEGRATED|g__Ruminococcus.s__Ruminococcus_champanellensis	1.0000000000
UNINTEGRATED|g__Methanobrevibacter.s__Methanobrevibacter_smithii	1.0000000000
UNINTEGRATED|unclassified	1.0000000000
UNINTEGRATED|g__Dorea.s__Dorea_longicatena	1.0000000000
UNINTEGRATED|g__Blautia.s__Ruminococcus_obeum	1.0000000000
UNINTEGRATED|g__Dorea.s__Dorea_formicigenerans	1.0000000000
PWY-7219: adenosine ribonucleotides de novo biosynthesis	1.0000000000
PWY-7219: adenosine ribonucleotides de novo biosynthesis|unclassified	1.0000000000
PWY-7219: adenosine ribonucleotides de novo biosynthesis|g__Prevotella.s__Prevotella_copri	0.0975270773
PWY-7219: adenosine ribonucleotides de novo biosynthesis|g__Prevotella.s__Prevotella_stercorea	0.6874046539
PWY-7219: adenosine ribonucleotides de novo biosynthesis|g__Ruminococcus.s__Ruminococcus_bromii	0.6553767649
PWY-7219: adenosine ribonucleotides de novo biosynthesis|g__Phascolarctobacterium.s__Phascolarctobacterium_succinatutens	0.9068337752
PWY-7219: adenosine ribonucleotides de novo biosynthesis|g__Faecalibacterium.s__Faecalibacterium_prausnitzii	0.7406296241
PWY-7219: adenosine ribonucleotides de novo biosynthesis|g__Treponema.s__Treponema_succinifaciens	0.4819517514
PWY-7219: adenosine ribonucleotides de novo biosynthesis|g__Roseburia.s__Roseburia_inulinivorans	0.6362607239
PWY-7219: adenosine ribonucleotides de novo biosynthesis|g__Eubacterium.s__Eubacterium_rectale	0.8978322324
PWY-7219: adenosine ribonucleotides de novo biosynthesis|g__Erysipelotrichaceae_noname.s__Eubacterium_biforme	0.7371536763
PWY-7219: adenosine ribonucleotides de novo biosynthesis|g__Dorea.s__Dorea_formicigenerans	0.6131078369
PWY-7219: adenosine ribonucleotides de novo biosynthesis|g__Ruminococcus.s__Ruminococcus_champanellensis	0.5075323844
PWY-7219: adenosine ribonucleotides de novo biosynthesis|g__Methanobrevibacter.s__Methanobrevibacter_smithii	0.7215296736
PWY-7219: adenosine ribonucleotides de novo biosynthesis|g__Catenibacterium.s__Catenibacterium_mitsuokai	0.7715097722
PWY-7219: adenosine ribonucleotides de novo biosynthesis|g__Eubacterium.s__Eubacterium_ramulus	0.6709471497
PWY-7219: adenosine ribonucleotides de novo biosynthesis|g__Coprococcus.s__Coprococcus_comes	0.4765602947
PWY-7219: adenosine ribonucleotides de novo biosynthesis|g__Ruminococcus.s__Ruminococcus_callidus	0.6917563044
PWY-7219: adenosine ribonucleotides de novo biosynthesis|g__Streptococcus.s__Streptococcus_salivarius	0.4611987922
PWY-7219: adenosine ribonucleotides de novo biosynthesis|g__Roseburia.s__Roseburia_hominis	0.2498928218
PWY-7219: adenosine ribonucleotides de novo biosynthesis|g__Eubacterium.s__Eubacterium_hallii	0.5679547394
ILEUSYN-PWY: L-isoleucine biosynthesis I (from threonine)	1.0000000000
ILEUSYN-PWY: L-isoleucine biosynthesis I (from threonine)|unclassified	0.9459568415
ILEUSYN-PWY: L-isoleucine biosynthesis I (from threonine)|g__Treponema.s__Treponema_succinifaciens	0.9980947309
ILEUSYN-PWY: L-isoleucine biosynthesis I (from threonine)|g__Ruminococcus.s__Ruminococcus_bromii	0.9617354531
ILEUSYN-PWY: L-isoleucine biosynthesis I (from threonine)|g__Faecalibacterium.s__Faecalibacterium_prausnitzii	0.8773979560
ILEUSYN-PWY: L-isoleucine biosynthesis I (from threonine)|g__Dorea.s__Dorea_formicigenerans	0.3971662586
ILEUSYN-PWY: L-isoleucine biosynthesis I (from threonine)|g__Methanobrevibacter.s__Methanobrevibacter_smithii	0.5552180589
ILEUSYN-PWY: L-isoleucine biosynthesis I (from threonine)|g__Dorea.s__Dorea_longicatena	0.3608961019
ILEUSYN-PWY: L-isoleucine biosynthesis I (from threonine)|g__Eubacterium.s__Eubacterium_rectale	0.3682436702
PWY-7111: pyruvate fermentation to isobutanol (engineered)	1.0000000000
PWY-7111: pyruvate fermentation to isobutanol (engineered)|unclassified	0.9459568415
PWY-7111: pyruvate fermentation to isobutanol (engineered)|g__Treponema.s__Treponema_succinifaciens	0.9980947309
PWY-7111: pyruvate fermentation to isobutanol (engineered)|g__Ruminococcus.s__Ruminococcus_bromii	0.9617354531
PWY-7111: pyruvate fermentation to isobutanol (engineered)|g__Faecalibacterium.s__Faecalibacterium_prausnitzii	0.8773979560
PWY-7111: pyruvate fermentation to isobutanol (engineered)|g__Phascolarctobacterium.s__Phascolarctobacterium_succinatutens	0.1766049902
PWY-7111: pyruvate fermentation to isobutanol (engineered)|g__Dorea.s__Dorea_formicigenerans	0.7461353008
PWY-7111: pyruvate fermentation to isobutanol (engineered)|g__Eubacterium.s__Eubacterium_rectale	0.6681762343
PWY-7111: pyruvate fermentation to isobutanol (engineered)|g__Streptococcus.s__Streptococcus_salivarius	0.7407973367
PWY-7111: pyruvate fermentation to isobutanol (engineered)|g__Methanobrevibacter.s__Methanobrevibacter_smithii	0.5552180589
PWY-7111: pyruvate fermentation to isobutanol (engineered)|g__Dorea.s__Dorea_longicatena	0.3173816114
PWY-7111: pyruvate fermentation to isobutanol (engineered)|g__Eubacterium.s__Eubacterium_ramulus	0.5373981915
PWY-7111: pyruvate fermentation to isobutanol (engineered)|g__Coprococcus.s__Coprococcus_comes	0.2099607034
PWY-7111: pyruvate fermentation to isobutanol (engineered)|g__Coprococcus.s__Coprococcus_catus	0.3365592085
PWY-7111: pyruvate fermentation to isobutanol (engineered)|g__Eubacterium.s__Eubacterium_hallii	0.5281740093
VALSYN-PWY: L-valine biosynthesis	1.0000000000
VALSYN-PWY: L-valine biosynthesis|unclassified	0.9459568415
VALSYN-PWY: L-valine biosynthesis|g__Prevotella.s__Prevotella_copri	0.0001050343
VALSYN-PWY: L-valine biosynthesis|g__Treponema.s__Treponema_succinifaciens	0.9980947309
VALSYN-PWY: L-valine biosynthesis|g__Ruminococcus.s__Ruminococcus_bromii	0.9617354531
VALSYN-PWY: L-valine biosynthesis|g__Faecalibacterium.s__Faecalibacterium_prausnitzii	0.8773979560
VALSYN-PWY: L-valine biosynthesis|g__Phascolarctobacterium.s__Phascolarctobacterium_succinatutens	0.1766049902
VALSYN-PWY: L-valine biosynthesis|g__Roseburia.s__Roseburia_inulinivorans	0.2691724381
VALSYN-PWY: L-valine biosynthesis|g__Streptococcus.s__Streptococcus_salivarius	0.6610885652
VALSYN-PWY: L-valine biosynthesis|g__Dorea.s__Dorea_formicigenerans	0.3971662586
VALSYN-PWY: L-valine biosynthesis|g__Methanobrevibacter.s__Methanobrevibacter_smithii	0.5552180589
VALSYN-PWY: L-valine biosynthesis|g__Dorea.s__Dorea_longicatena	0.3608961019
VALSYN-PWY: L-valine biosynthesis|g__Eubacterium.s__Eubacterium_ramulus	0.5373981915
VALSYN-PWY: L-valine biosynthesis|g__Eubacterium.s__Eubacterium_rectale	0.3682436702
VALSYN-PWY: L-valine biosynthesis|g__Coprococcus.s__Coprococcus_comes	0.2099607034
BRANCHED-CHAIN-AA-SYN-PWY: superpathway of branched amino acid biosynthesis	0.9999999999
BRANCHED-CHAIN-AA-SYN-PWY: superpathway of branched amino acid biosynthesis|unclassified	0.7988601786
BRANCHED-CHAIN-AA-SYN-PWY: superpathway of branched amino acid biosynthesis|g__Treponema.s__Treponema_succinifaciens	0.9164052349
BRANCHED-CHAIN-AA-SYN-PWY: superpathway of branched amino acid biosynthesis|g__Ruminococcus.s__Ruminococcus_bromii	0.0025393766
BRANCHED-CHAIN-AA-SYN-PWY: superpathway of branched amino acid biosynthesis|g__Faecalibacterium.s__Faecalibacterium_prausnitzii	0.8299446775
BRANCHED-CHAIN-AA-SYN-PWY: superpathway of branched amino acid biosynthesis|g__Methanobrevibacter.s__Methanobrevibacter_smithii	0.5140008267
BRANCHED-CHAIN-AA-SYN-PWY: superpathway of branched amino acid biosynthesis|g__Dorea.s__Dorea_formicigenerans	0.3254482104
BRANCHED-CHAIN-AA-SYN-PWY: superpathway of branched amino acid biosynthesis|g__Eubacterium.s__Eubacterium_rectale	0.3080471955
BRANCHED-CHAIN-AA-SYN-PWY: superpathway of branched amino acid biosynthesis|g__Dorea.s__Dorea_longicatena	0.2309215851
PWY-5103: L-isoleucine biosynthesis III	0.9999999999
PWY-5103: L-isoleucine biosynthesis III|unclassified	0.7529587951
PWY-5103: L-isoleucine biosynthesis III|g__Treponema.s__Treponema_succinifaciens	0.9164052349
PWY-5103: L-isoleucine biosynthesis III|g__Ruminococcus.s__Ruminococcus_bromii	0.0019058878
PWY-5103: L-isoleucine biosynthesis III|g__Faecalibacterium.s__Faecalibacterium_prausnitzii	0.8299446775
PWY-5103: L-isoleucine biosynthesis III|g__Methanobrevibacter.s__Methanobrevibacter_smithii	0.5140008267
PWY-5103: L-isoleucine biosynthesis III|g__Dorea.s__Dorea_formicigenerans	0.3254482104
PWY-5103: L-isoleucine biosynthesis III|g__Dorea.s__Dorea_longicatena	0.2109631926
PWY-5103: L-isoleucine biosynthesis III|g__Eubacterium.s__Eubacterium_rectale	0.2503937861
PWY-6700: queuosine biosynthesis	1.0000000000
PWY-6700: queuosine biosynthesis|unclassified	0.9999999460
PWY-6700: queuosine biosynthesis|g__Prevotella.s__Prevotella_stercorea	0.2042518068
PWY-6700: queuosine biosynthesis|g__Prevotella.s__Prevotella_copri	0.0000000000
PWY-6700: queuosine biosynthesis|g__Streptococcus.s__Streptococcus_salivarius	0.6862586808
PWY-6700: queuosine biosynthesis|g__Phascolarctobacterium.s__Phascolarctobacterium_succinatutens	0.0006612842
DTDPRHAMSYN-PWY: dTDP-L-rhamnose biosynthesis I	1.0000000000
DTDPRHAMSYN-PWY: dTDP-L-rhamnose biosynthesis I|unclassified	0.9999997675
DTDPRHAMSYN-PWY: dTDP-L-rhamnose biosynthesis I|g__Prevotella.s__Prevotella_copri	0.0000000001
DTDPRHAMSYN-PWY: dTDP-L-rhamnose biosynthesis I|g__Faecalibacterium.s__Faecalibacterium_prausnitzii	0.9809279459
DTDPRHAMSYN-PWY: dTDP-L-rhamnose biosynthesis I|g__Treponema.s__Treponema_succinifaciens	0.0487721868
DTDPRHAMSYN-PWY: dTDP-L-rhamnose biosynthesis I|g__Dorea.s__Dorea_longicatena	0.3303759441
DTDPRHAMSYN-PWY: dTDP-L-rhamnose biosynthesis I|g__Erysipelotrichaceae_noname.s__Eubacterium_biforme	0.3918424255
PWY-7221: guanosine ribonucleotides de novo biosynthesis	0.9999999933
PWY-7221: guanosine ribonucleotides de novo biosynthesis|unclassified	0.8414555501
PWY-7221: guanosine ribonucleotides de novo biosynthesis|g__Prevotella.s__Prevotella_copri	0.0688758908
PWY-7221: guanosine ribonucleotides de novo biosynthesis|g__Prevotella.s__Prevotella_stercorea	0.2124378097
PWY-7221: guanosine ribonucleotides de novo biosynthesis|g__Ruminococcus.s__Ruminococcus_bromii	0.3654908082
PWY-7221: guanosine ribonucleotides de novo biosynthesis|g__Phascolarctobacterium.s__Phascolarctobacterium_succinatutens	0.0829624167
PWY-7221: guanosine ribonucleotides de novo biosynthesis|g__Treponema.s__Treponema_succinifaciens	0.0469817631
PWY-7221: guanosine ribonucleotides de novo biosynthesis|g__Faecalibacterium.s__Faecalibacterium_prausnitzii	0.0904095491
PWY-7221: guanosine ribonucleotides de novo biosynthesis|g__Roseburia.s__Roseburia_inulinivorans	0.0572593131
PWY-7221: guanosine ribonucleotides de novo biosynthesis|g__Coprococcus.s__Coprococcus_comes	0.4636235986
PWY-7221: guanosine ribonucleotides de novo biosynthesis|g__Streptococcus.s__Streptococcus_salivarius	0.6286938988
PWY-7221: guanosine ribonucleotides de novo biosynthesis|g__Ruminococcus.s__Ruminococcus_champanellensis	0.3624100040
TRNA-CHARGING-PWY: tRNA charging	0.9996360712
TRNA-CHARGING-PWY: tRNA charging|unclassified	0.5549673411
PWY-6151: S-adenosyl-L-methionine cycle I	0.9999999995
PWY-6151: S-adenosyl-L-methionine cycle I|unclassified	0.5669011901
PWY-6151: S-adenosyl-L-methionine cycle I|g__Prevotella.s__Prevotella_copri	0.0000000011
PWY-6151: S-adenosyl-L-methionine cycle I|g__Prevotella.s__Prevotella_stercorea	0.0000032506
PWY-6151: S-adenosyl-L-methionine cycle I|g__Ruminococcus.s__Ruminococcus_bromii	0.3838072091
PWY-6151: S-adenosyl-L-methionine cycle I|g__Treponema.s__Treponema_succinifaciens	0.5463080103
PWY-6151: S-adenosyl-L-methionine cycle I|g__Dorea.s__Dorea_formicigenerans	0.5450784799
PWY-6151: S-adenosyl-L-methionine cycle I|g__Ruminococcus.s__Ruminococcus_champanellensis	0.4301629688
PWY-6151: S-adenosyl-L-methionine cycle I|g__Coprococcus.s__Coprococcus_comes	0.2734455821
PWY-6122: 5-aminoimidazole ribonucleotide biosynthesis II	1.0000000000
PWY-6122: 5-aminoimidazole ribonucleotide biosynthesis II|unclassified	0.9998697636
PWY-6122: 5-aminoimidazole ribonucleotide biosynthesis II|g__Prevotella.s__Prevotella_copri	0.0007266070
PWY-6122: 5-aminoimidazole ribonucleotide biosynthesis II|g__Ruminococcus.s__Ruminococcus_bromii	0.0913952731
PWY-6122: 5-aminoimidazole ribonucleotide biosynthesis II|g__Treponema.s__Treponema_succinifaciens	0.4463148391
PWY-6122: 5-aminoimidazole ribonucleotide biosynthesis II|g__Roseburia.s__Roseburia_inulinivorans	0.7336739418
PWY-6122: 5-aminoimidazole ribonucleotide biosynthesis II|g__Faecalibacterium.s__Faecalibacterium_prausnitzii	0.1399149052
PWY-6122: 5-aminoimidazole ribonucleotide biosynthesis II|g__Phascolarctobacterium.s__Phascolarctobacterium_succinatutens	0.0148594935
PWY-6122: 5-aminoimidazole ribonucleotide biosynthesis II|g__Streptococcus.s__Streptococcus_salivarius	0.5454642078
PWY-6277: superpathway of 5-aminoimidazole ribonucleotide biosynthesis	1.0000000000
PWY-6277: superpathway of 5-aminoimidazole ribonucleotide biosynthesis|unclassified	0.9998697636
PWY-6277: superpathway of 5-aminoimidazole ribonucleotide biosynthesis|g__Prevotella.s__Prevotella_copri	0.0007266070
PWY-6277: superpathway of 5-aminoimidazole ribonucleotide biosynthesis|g__Ruminococcus.s__Ruminococcus_bromii	0.0913952731
PWY-6277: superpathway of 5-aminoimidazole ribonucleotide biosynthesis|g__Treponema.s__Treponema_succinifaciens	0.4463148391
PWY-6277: superpathway of 5-aminoimidazole ribonucleotide biosynthesis|g__Roseburia.s__Roseburia_inulinivorans	0.7336739418
PWY-6277: superpathway of 5-aminoimidazole ribonucleotide biosynthesis|g__Faecalibacterium.s__Faecalibacterium_prausnitzii	0.1399149052
PWY-6277: superpathway of 5-aminoimidazole ribonucleotide biosynthesis|g__Phascolarctobacterium.s__Phascolarctobacterium_succinatutens	0.0148594935
PWY-6277: superpathway of 5-aminoimidazole ribonucleotide biosynthesis|g__Streptococcus.s__Streptococcus_salivarius	0.5454642078
PWY-2942: L-lysine biosynthesis III	0.9999996670
PWY-2942: L-lysine biosynthesis III|unclassified	0.3335987583
PWY-2942: L-lysine biosynthesis III|g__Prevotella.s__Prevotella_copri	0.0000180163
PWY-2942: L-lysine biosynthesis III|g__Prevotella.s__Prevotella_stercorea	0.0007505596
PWY-2942: L-lysine biosynthesis III|g__Ruminococcus.s__Ruminococcus_bromii	0.0790550552
PWY-2942: L-lysine biosynthesis III|g__Treponema.s__Treponema_succinifaciens	0.3471729426
PWY-2942: L-lysine biosynthesis III|g__Roseburia.s__Roseburia_inulinivorans	0.0676278973
PWY-2942: L-lysine biosynthesis III|g__Ruminococcus.s__Ruminococcus_champanellensis	0.2181500441
PWY-5097: L-lysine biosynthesis VI	0.9999997146
PWY-5097: L-lysine biosynthesis VI|unclassified	0.3624539056
PWY-5097: L-lysine biosynthesis VI|g__Prevotella.s__Prevotella_copri	0.0010815138
PWY-5097: L-lysine biosynthesis VI|g__Prevotella.s__Prevotella_stercorea	0.0006408023
PWY-5097: L-lysine biosynthesis VI|g__Ruminococcus.s__Ruminococcus_bromii	0.0874604402
PWY-5097: L-lysine biosynthesis VI|g__Treponema.s__Treponema_succinifaciens	0.3298687775
PWY-5097: L-lysine biosynthesis VI|g__Faecalibacterium.s__Faecalibacterium_prausnitzii	0.2368765836
PWY-5097: L-lysine biosynthesis VI|g__Roseburia.s__Roseburia_inulinivorans	0.0780028294
PWY-5097: L-lysine biosynthesis VI|g__Coprococcus.s__Coprococcus_comes	0.4359329540
PWY-5097: L-lysine biosynthesis VI|g__Ruminococcus.s__Ruminococcus_champanellensis	0.3145664969
PWY-5097: L-lysine biosynthesis VI|g__Methanobrevibacter.s__Methanobrevibacter_smithii	0.3948643226
PWY-5973: cis-vaccenate biosynthesis	0.9985187690
PWY-5973: cis-vaccenate biosynthesis|unclassified	0.6780252368
PWY-5973: cis-vaccenate biosynthesis|g__Prevotella.s__Prevotella_copri	0.2033572404
PWY-5667: CDP-diacylglycerol biosynthesis I	0.9999991864
PWY-5667: CDP-diacylglycerol biosynthesis I|g__Prevotella.s__Prevotella_stercorea	0.5418620489
PWY-5667: CDP-diacylglycerol biosynthesis I|unclassified	0.0000000000
PWY-5667: CDP-diacylglycerol biosynthesis I|g__Ruminococcus.s__Ruminococcus_bromii	0.0607714948
PWY-5667: CDP-diacylglycerol biosynthesis I|g__Faecalibacterium.s__Faecalibacterium_prausnitzii	0.7129937335
PWY-5667: CDP-diacylglycerol biosynthesis I|g__Roseburia.s__Roseburia_inulinivorans	0.6863113641
PWY-5667: CDP-diacylglycerol biosynthesis I|g__Dorea.s__Dorea_formicigenerans	0.3305992443
PWY0-1319: CDP-diacylglycerol biosynthesis II	0.9999991864
PWY0-1319: CDP-diacylglycerol biosynthesis II|g__Prevotella.s__Prevotella_stercorea	0.5418620489
PWY0-1319: CDP-diacylglycerol biosynthesis II|unclassified	0.0000000000
PWY0-1319: CDP-diacylglycerol biosynthesis II|g__Ruminococcus.s__Ruminococcus_bromii	0.0607714948
PWY0-1319: CDP-diacylglycerol biosynthesis II|g__Faecalibacterium.s__Faecalibacterium_prausnitzii	0.7129937335
PWY0-1319: CDP-diacylglycerol biosynthesis II|g__Roseburia.s__Roseburia_inulinivorans	0.6863113641
PWY0-1319: CDP-diacylglycerol biosynthesis II|g__Dorea.s__Dorea_formicigenerans	0.3305992443
PEPTIDOGLYCANSYN-PWY: peptidoglycan biosynthesis I (meso-diaminopimelate containing)	0.9999997956
PEPTIDOGLYCANSYN-PWY: peptidoglycan biosynthesis I (meso-diaminopimelate containing)|unclassified	0.0112258971
PEPTIDOGLYCANSYN-PWY: peptidoglycan biosynthesis I (meso-diaminopimelate containing)|g__Prevotella.s__Prevotella_copri	0.0000000038
PEPTIDOGLYCANSYN-PWY: peptidoglycan biosynthesis I (meso-diaminopimelate containing)|g__Prevotella.s__Prevotella_stercorea	0.0023119532
PEPTIDOGLYCANSYN-PWY: peptidoglycan biosynthesis I (meso-diaminopimelate containing)|g__Treponema.s__Treponema_succinifaciens	0.1001217963
PWY-6387: UDP-N-acetylmuramoyl-pentapeptide biosynthesis I (meso-diaminopimelate containing)	0.9999997447
PWY-6387: UDP-N-acetylmuramoyl-pentapeptide biosynthesis I (meso-diaminopimelate containing)|unclassified	0.0090018913
PWY-6387: UDP-N-acetylmuramoyl-pentapeptide biosynthesis I (meso-diaminopimelate containing)|g__Prevotella.s__Prevotella_copri	0.0000000030
PWY-6387: UDP-N-acetylmuramoyl-pentapeptide biosynthesis I (meso-diaminopimelate containing)|g__Prevotella.s__Prevotella_stercorea	0.0018682472
PWY-6387: UDP-N-acetylmuramoyl-pentapeptide biosynthesis I (meso-diaminopimelate containing)|g__Treponema.s__Treponema_succinifaciens	0.0835449836
PWY-6387: UDP-N-acetylmuramoyl-pentapeptide biosynthesis I (meso-diaminopimelate containing)|g__Roseburia.s__Roseburia_inulinivorans	0.2786814022
PWY-6387: UDP-N-acetylmuramoyl-pentapeptide biosynthesis I (meso-diaminopimelate containing)|g__Phascolarctobacterium.s__Phascolarctobacterium_succinatutens	0.0019568010
PWY-6123: inosine-5'-phosphate biosynthesis I	0.9222686070
PWY-6123: inosine-5'-phosphate biosynthesis I|unclassified	0.0001718126
PWY-6123: inosine-5'-phosphate biosynthesis I|g__Prevotella.s__Prevotella_copri	0.0228822855
PWY-6123: inosine-5'-phosphate biosynthesis I|g__Faecalibacterium.s__Faecalibacterium_prausnitzii	0.2817405643
PWY-6123: inosine-5'-phosphate biosynthesis I|g__Streptococcus.s__Streptococcus_salivarius	0.6475431521
PWY-6123: inosine-5'-phosphate biosynthesis I|g__Eubacterium.s__Eubacterium_rectale	0.5298268027
PWY-7663: gondoate biosynthesis (anaerobic)	0.9981491466
PWY-7663: gondoate biosynthesis (anaerobic)|unclassified	0.6275153323
PWY-7663: gondoate biosynthesis (anaerobic)|g__Prevotella.s__Prevotella_copri	0.1695829776
PWY-1042: glycolysis IV (plant cytosol)	0.8102406648
PWY-1042: glycolysis IV (plant cytosol)|unclassified	0.8496511658
PWY-1042: glycolysis IV (plant cytosol)|g__Ruminococcus.s__Ruminococcus_bromii	0.0830295159
PWY-1042: glycolysis IV (plant cytosol)|g__Treponema.s__Treponema_succinifaciens	0.6255835987
PWY-1042: glycolysis IV (plant cytosol)|g__Faecalibacterium.s__Faecalibacterium_prausnitzii	0.4377208812
PWY-1042: glycolysis IV (plant cytosol)|g__Ruminococcus.s__Ruminococcus_champanellensis	0.4836242832
PWY-1042: glycolysis IV (plant cytosol)|g__Dorea.s__Dorea_longicatena	0.4893800070
PWY-1042: glycolysis IV (plant cytosol)|g__Streptococcus.s__Streptococcus_salivarius	0.5936364351
PWY-6124: inosine-5'-phosphate biosynthesis II	0.9081502501
PWY-6124: inosine-5'-phosphate biosynthesis II|unclassified	0.0001431813
PWY-6124: inosine-5'-phosphate biosynthesis II|g__Prevotella.s__Prevotella_copri	0.0191415718
PWY-6124: inosine-5'-phosphate biosynthesis II|g__Faecalibacterium.s__Faecalibacterium_prausnitzii	0.2496583108
PWY-6124: inosine-5'-phosphate biosynthesis II|g__Eubacterium.s__Eubacterium_rectale	0.5214459543
PWY-6124: inosine-5'-phosphate biosynthesis II|g__Streptococcus.s__Streptococcus_salivarius	0.6013703353
PWY-6124: inosine-5'-phosphate biosynthesis II|g__Methanobrevibacter.s__Methanobrevibacter_smithii	0.5909475883
PWY-6124: inosine-5'-phosphate biosynthesis II|g__Ruminococcus.s__Ruminococcus_champanellensis	0.3435405232
PWY-7229: superpathway of adenosine nucleotides de novo biosynthesis I	0.0353551800
PWY-7229: superpathway of adenosine nucleotides de novo biosynthesis I|unclassified	0.0000000000
PWY-7229: superpathway of adenosine nucleotides de novo biosynthesis I|g__Faecalibacterium.s__Faecalibacterium_prausnitzii	0.0027502829
NONMEVIPP-PWY: methylerythritol phosphate pathway I	0.9999400935
NONMEVIPP-PWY: methylerythritol phosphate pathway I|unclassified	0.0000224284
NONMEVIPP-PWY: methylerythritol phosphate pathway I|g__Eubacterium.s__Eubacterium_rectale	0.4860677913
PWY-6385: peptidoglycan biosynthesis III (mycobacteria)	0.7681257359
PWY-6385: peptidoglycan biosynthesis III (mycobacteria)|unclassified	0.0006207594
PWY-6385: peptidoglycan biosynthesis III (mycobacteria)|g__Prevotella.s__Prevotella_stercorea	0.0000003749
PWY-6385: peptidoglycan biosynthesis III (mycobacteria)|g__Treponema.s__Treponema_succinifaciens	0.1004605321
PWY-6386: UDP-N-acetylmuramoyl-pentapeptide biosynthesis II (lysine-containing)	0.7607755132
PWY-6386: UDP-N-acetylmuramoyl-pentapeptide biosynthesis II (lysine-containing)|unclassified	0.0005863294
PWY-6386: UDP-N-acetylmuramoyl-pentapeptide biosynthesis II (lysine-containing)|g__Prevotella.s__Prevotella_stercorea	0.0000003599
PWY-6386: UDP-N-acetylmuramoyl-pentapeptide biosynthesis II (lysine-containing)|g__Treponema.s__Treponema_succinifaciens	0.0960428090
CALVIN-PWY: Calvin-Benson-Bassham cycle	0.8365505707
CALVIN-PWY: Calvin-Benson-Bassham cycle|unclassified	0.3346285830
CALVIN-PWY: Calvin-Benson-Bassham cycle|g__Ruminococcus.s__Ruminococcus_bromii	0.1497669986
CALVIN-PWY: Calvin-Benson-Bassham cycle|g__Faecalibacterium.s__Faecalibacterium_prausnitzii	0.2386890314
CALVIN-PWY: Calvin-Benson-Bassham cycle|g__Eubacterium.s__Eubacterium_rectale	0.6075921224
PWY-5695: urate biosynthesis/inosine 5'-phosphate degradation	0.4438883788
PWY-5695: urate biosynthesis/inosine 5'-phosphate degradation|unclassified	0.0000364456
PWY-5695: urate biosynthesis/inosine 5'-phosphate degradation|g__Prevotella.s__Prevotella_stercorea	0.1994152381
PWY-5695: urate biosynthesis/inosine 5'-phosphate degradation|g__Roseburia.s__Roseburia_inulinivorans	0.7483193361
PWY-5695: urate biosynthesis/inosine 5'-phosphate degradation|g__Ruminococcus.s__Ruminococcus_champanellensis	0.6174392835
PWY-5695: urate biosynthesis/inosine 5'-phosphate degradation|g__Faecalibacterium.s__Faecalibacterium_prausnitzii	0.0749273953
PWY-5695: urate biosynthesis/inosine 5'-phosphate degradation|g__Treponema.s__Treponema_succinifaciens	0.0032624400
PWY-5100: pyruvate fermentation to acetate and lactate II	0.4325230159
PWY-5100: pyruvate fermentation to acetate and lactate II|unclassified	0.0523077544
PWY-5100: pyruvate fermentation to acetate and lactate II|g__Treponema.s__Treponema_succinifaciens	0.4814454741
PWY-5100: pyruvate fermentation to acetate and lactate II|g__Erysipelotrichaceae_noname.s__Eubacterium_biforme	0.4696570569
PWY-5100: pyruvate fermentation to acetate and lactate II|g__Streptococcus.s__Streptococcus_salivarius	0.4440029115
NONOXIPENT-PWY: pentose phosphate pathway (non-oxidative branch)	0.9901233572
NONOXIPENT-PWY: pentose phosphate pathway (non-oxidative branch)|unclassified	0.0044734072
NONOXIPENT-PWY: pentose phosphate pathway (non-oxidative branch)|g__Ruminococcus.s__Ruminococcus_bromii	0.1976577260
NONOXIPENT-PWY: pentose phosphate pathway (non-oxidative branch)|g__Roseburia.s__Roseburia_inulinivorans	0.9498723711
NONOXIPENT-PWY: pentose phosphate pathway (non-oxidative branch)|g__Treponema.s__Treponema_succinifaciens	0.4907768054
NONOXIPENT-PWY: pentose phosphate pathway (non-oxidative branch)|g__Eubacterium.s__Eubacterium_rectale	0.8390065207
NONOXIPENT-PWY: pentose phosphate pathway (non-oxidative branch)|g__Phascolarctobacterium.s__Phascolarctobacterium_succinatutens	0.0232722641
PWY-7228: superpathway of guanosine nucleotides de novo biosynthesis I	0.0805091827
PWY-7228: superpathway of guanosine nucleotides de novo biosynthesis I|g__Prevotella.s__Prevotella_stercorea	0.0083169715
PWY-7228: superpathway of guanosine nucleotides de novo biosynthesis I|unclassified	0.0000000000
PWY-6609: adenine and adenosine salvage III	0.5494308165
PWY-6609: adenine and adenosine salvage III|unclassified	0.0000000001
PWY-6609: adenine and adenosine salvage III|g__Prevotella.s__Prevotella_copri	0.0000737737
PWY-6609: adenine and adenosine salvage III|g__Faecalibacterium.s__Faecalibacterium_prausnitzii	0.7922524575
PWY-6609: adenine and adenosine salvage III|g__Phascolarctobacterium.s__Phascolarctobacterium_succinatutens	0.0202683360
PWY-6609: adenine and adenosine salvage III|g__Treponema.s__Treponema_succinifaciens	0.0010148946
PWY-6609: adenine and adenosine salvage III|g__Dorea.s__Dorea_longicatena	0.3334859669
PWY-3001: superpathway of L-isoleucine biosynthesis I	0.0000000000
PWY-3001: superpathway of L-isoleucine biosynthesis I|unclassified	0.0000000217
PWY-3001: superpathway of L-isoleucine biosynthesis I|g__Faecalibacterium.s__Faecalibacterium_prausnitzii	0.4567181680
SER-GLYSYN-PWY: superpathway of L-serine and glycine biosynthesis I	0.0021766176
SER-GLYSYN-PWY: superpathway of L-serine and glycine biosynthesis I|unclassified	0.5673620528
SER-GLYSYN-PWY: superpathway of L-serine and glycine biosynthesis I|g__Ruminococcus.s__Ruminococcus_bromii	0.2560769873
SER-GLYSYN-PWY: superpathway of L-serine and glycine biosynthesis I|g__Treponema.s__Treponema_succinifaciens	0.3426462282
SER-GLYSYN-PWY: superpathway of L-serine and glycine biosynthesis I|g__Faecalibacterium.s__Faecalibacterium_prausnitzii	0.3868990178
SER-GLYSYN-PWY: superpathway of L-serine and glycine biosynthesis I|g__Roseburia.s__Roseburia_inulinivorans	0.3405614237
SER-GLYSYN-PWY: superpathway of L-serine and glycine biosynthesis I|g__Ruminococcus.s__Ruminococcus_champanellensis	0.7606172939
SER-GLYSYN-PWY: superpathway of L-serine and glycine biosynthesis I|g__Eubacterium.s__Eubacterium_rectale	0.8134298763
SER-GLYSYN-PWY: superpathway of L-serine and glycine biosynthesis I|g__Streptococcus.s__Streptococcus_salivarius	0.8211968393
SER-GLYSYN-PWY: superpathway of L-serine and glycine biosynthesis I|g__Phascolarctobacterium.s__Phascolarctobacterium_succinatutens	0.0008615303
PWY-724: superpathway of L-lysine, L-threonine and L-methionine biosynthesis II	0.0000000000
PWY-724: superpathway of L-lysine, L-threonine and L-methionine biosynthesis II|unclassified	0.0000000221
PWY-724: superpathway of L-lysine, L-threonine and L-methionine biosynthesis II|g__Faecalibacterium.s__Faecalibacterium_prausnitzii	0.1552423749
PWY-6121: 5-aminoimidazole ribonucleotide biosynthesis I	0.0003071580
PWY-6121: 5-aminoimidazole ribonucleotide biosynthesis I|unclassified	0.0549147018
PWY-6121: 5-aminoimidazole ribonucleotide biosynthesis I|g__Ruminococcus.s__Ruminococcus_bromii	0.1077658434
PWY-6121: 5-aminoimidazole ribonucleotide biosynthesis I|g__Treponema.s__Treponema_succinifaciens	0.4988334513
PWY-6121: 5-aminoimidazole ribonucleotide biosynthesis I|g__Roseburia.s__Roseburia_inulinivorans	0.3956193437
PWY-6121: 5-aminoimidazole ribonucleotide biosynthesis I|g__Phascolarctobacterium.s__Phascolarctobacterium_succinatutens	0.0175203141
PWY-6121: 5-aminoimidazole ribonucleotide biosynthesis I|g__Faecalibacterium.s__Faecalibacterium_prausnitzii	0.0764162352
PWY-6121: 5-aminoimidazole ribonucleotide biosynthesis I|g__Streptococcus.s__Streptococcus_salivarius	0.5631575685
ARO-PWY: chorismate biosynthesis I	0.0006471047
ARO-PWY: chorismate biosynthesis I|unclassified	0.0000001240
ARO-PWY: chorismate biosynthesis I|g__Roseburia.s__Roseburia_inulinivorans	0.1006818101
ARO-PWY: chorismate biosynthesis I|g__Dorea.s__Dorea_formicigenerans	0.3808593843
PWY-6163: chorismate biosynthesis from 3-dehydroquinate	0.0004623150
PWY-6163: chorismate biosynthesis from 3-dehydroquinate|unclassified	0.0000000886
PWY-6163: chorismate biosynthesis from 3-dehydroquinate|g__Roseburia.s__Roseburia_inulinivorans	0.0814320568
PWY-6163: chorismate biosynthesis from 3-dehydroquinate|g__Dorea.s__Dorea_formicigenerans	0.4135320345
COMPLETE-ARO-PWY: superpathway of aromatic amino acid biosynthesis	0.0007388805
COMPLETE-ARO-PWY: superpathway of aromatic amino acid biosynthesis|unclassified	0.0000001417
COMPLETE-ARO-PWY: superpathway of aromatic amino acid biosynthesis|g__Dorea.s__Dorea_formicigenerans	0.3826047666
PWY-7208: superpathway of pyrimidine nucleobases salvage	0.0074487541
PWY-7208: superpathway of pyrimidine nucleobases salvage|unclassified	0.0000000000
PWY-7208: superpathway of pyrimidine nucleobases salvage|g__Phascolarctobacterium.s__Phascolarctobacterium_succinatutens	0.1872601439
PWY-7208: superpathway of pyrimidine nucleobases salvage|g__Treponema.s__Treponema_succinifaciens	0.0450228024
PWY-7208: superpathway of pyrimidine nucleobases salvage|g__Streptococcus.s__Streptococcus_salivarius	0.5825408617
PWY-6737: starch degradation V	0.0000000329
PWY-6737: starch degradation V|unclassified	0.0000000000
PWY-6737: starch degradation V|g__Roseburia.s__Roseburia_inulinivorans	0.9745375442
PWY-6737: starch degradation V|g__Ruminococcus.s__Ruminococcus_bromii	0.0287333871
PWY-6737: starch degradation V|g__Faecalibacterium.s__Faecalibacterium_prausnitzii	0.6058545039
PWY-6737: starch degradation V|g__Treponema.s__Treponema_succinifaciens	0.1533194730
PWY-6737: starch degradation V|g__Catenibacterium.s__Catenibacterium_mitsuokai	0.7382433465
PWY-6737: starch degradation V|g__Eubacterium.s__Eubacterium_rectale	0.4173368811
PWY-6737: starch degradation V|g__Dorea.s__Dorea_formicigenerans	0.3634266465
PWY-6737: starch degradation V|g__Eubacterium.s__Eubacterium_siraeum	0.5918890194
PWY-6737: starch degradation V|g__Erysipelotrichaceae_noname.s__Eubacterium_biforme	0.2749006375
PYRIDNUCSYN-PWY: NAD biosynthesis I (from aspartate)	0.0000000000
PYRIDNUCSYN-PWY: NAD biosynthesis I (from aspartate)|g__Prevotella.s__Prevotella_copri	0.0000000177
PYRIDNUCSYN-PWY: NAD biosynthesis I (from aspartate)|unclassified	0.0000000000
PYRIDNUCSYN-PWY: NAD biosynthesis I (from aspartate)|g__Ruminococcus.s__Ruminococcus_bromii	0.0908432488
THRESYN-PWY: superpathway of L-threonine biosynthesis	0.0000000000
THRESYN-PWY: superpathway of L-threonine biosynthesis|unclassified	0.0000000130
THRESYN-PWY: superpathway of L-threonine biosynthesis|g__Faecalibacterium.s__Faecalibacterium_prausnitzii	0.3489366918
THRESYN-PWY: superpathway of L-threonine biosynthesis|g__Streptococcus.s__Streptococcus_salivarius	0.6522495760
PWY-5686: UMP biosynthesis	0.0000000000
PWY-5686: UMP biosynthesis|unclassified	0.0000000000
PWY-5686: UMP biosynthesis|g__Ruminococcus.s__Ruminococcus_bromii	0.0052874927
PWY-5686: UMP biosynthesis|g__Treponema.s__Treponema_succinifaciens	0.0920820994
PWY-5686: UMP biosynthesis|g__Faecalibacterium.s__Faecalibacterium_prausnitzii	0.0122357743
PWY-5686: UMP biosynthesis|g__Ruminococcus.s__Ruminococcus_champanellensis	0.2866753235
PWY-5686: UMP biosynthesis|g__Coprococcus.s__Coprococcus_comes	0.2783320483
DENOVOPURINE2-PWY: superpathway of purine nucleotides de novo biosynthesis II	0.0000000000
DENOVOPURINE2-PWY: superpathway of purine nucleotides de novo biosynthesis II|unclassified	0.0000000000
PWY-6126: superpathway of adenosine nucleotides de novo biosynthesis II	0.0000000000
PWY-6126: superpathway of adenosine nucleotides de novo biosynthesis II|unclassified	0.0000000000
PWY-6126: superpathway of adenosine nucleotides de novo biosynthesis II|g__Faecalibacterium.s__Faecalibacterium_prausnitzii	0.0016070560
PWY-6897: thiamin salvage II	0.0000000000
PWY-6897: thiamin salvage II|unclassified	0.0000000000
PWY-6897: thiamin salvage II|g__Prevotella.s__Prevotella_copri	0.0000000000
ASPASN-PWY: superpathway of L-aspartate and L-asparagine biosynthesis	0.0000133031
ASPASN-PWY: superpathway of L-aspartate and L-asparagine biosynthesis|unclassified	0.0000002558
ASPASN-PWY: superpathway of L-aspartate and L-asparagine biosynthesis|g__Faecalibacterium.s__Faecalibacterium_prausnitzii	0.0917981723
ASPASN-PWY: superpathway of L-aspartate and L-asparagine biosynthesis|g__Streptococcus.s__Streptococcus_salivarius	0.5417565627
PANTO-PWY: phosphopantothenate biosynthesis I	0.0000000002
PANTO-PWY: phosphopantothenate biosynthesis I|unclassified	0.0000000000
PANTO-PWY: phosphopantothenate biosynthesis I|g__Phascolarctobacterium.s__Phascolarctobacterium_succinatutens	0.4521337308
PANTO-PWY: phosphopantothenate biosynthesis I|g__Eubacterium.s__Eubacterium_ramulus	0.5527069669
PWY-841: superpathway of purine nucleotides de novo biosynthesis I	0.0000000000
PWY-841: superpathway of purine nucleotides de novo biosynthesis I|unclassified	0.0000000000
PWY-7400: L-arginine biosynthesis IV (archaebacteria)	0.0000000000
PWY-7400: L-arginine biosynthesis IV (archaebacteria)|g__Treponema.s__Treponema_succinifaciens	0.0908688594
PHOSLIPSYN-PWY: superpathway of phospholipid biosynthesis I (bacteria)	0.0000000000
PHOSLIPSYN-PWY: superpathway of phospholipid biosynthesis I (bacteria)|unclassified	0.0000000000
COA-PWY-1: coenzyme A biosynthesis II (mammalian)	0.0000000002
COA-PWY-1: coenzyme A biosynthesis II (mammalian)|unclassified	0.0000000000
PWY-6936: seleno-amino acid biosynthesis	0.0000000000
PWY-6936: seleno-amino acid biosynthesis|unclassified	0.0000000000
PWY-6936: seleno-amino acid biosynthesis|g__Treponema.s__Treponema_succinifaciens	0.0024149943
PWY-6936: seleno-amino acid biosynthesis|g__Streptococcus.s__Streptococcus_salivarius	0.6772921819
PWY-5347: superpathway of L-methionine biosynthesis (transsulfuration)	0.0000000000
PWY-5347: superpathway of L-methionine biosynthesis (transsulfuration)|unclassified	0.0000000000
PWY-5347: superpathway of L-methionine biosynthesis (transsulfuration)|g__Streptococcus.s__Streptococcus_salivarius	0.6288324515
ANAGLYCOLYSIS-PWY: glycolysis III (from glucose)	0.0000000000
ANAGLYCOLYSIS-PWY: glycolysis III (from glucose)|unclassified	0.0000000000
PWY-6125: superpathway of guanosine nucleotides de novo biosynthesis II	0.0000000000
PWY-6125: superpathway of guanosine nucleotides de novo biosynthesis II|unclassified	0.0000000000
ARGSYN-PWY: L-arginine biosynthesis I (via L-ornithine)	0.0000000000
ARGSYN-PWY: L-arginine biosynthesis I (via L-ornithine)|g__Treponema.s__Treponema_succinifaciens	0.0916193714
METSYN-PWY: L-homoserine and L-methionine biosynthesis	0.0000000000
METSYN-PWY: L-homoserine and L-methionine biosynthesis|unclassified	0.0000000000
METSYN-PWY: L-homoserine and L-methionine biosynthesis|g__Ruminococcus.s__Ruminococcus_bromii	0.0683082760
METSYN-PWY: L-homoserine and L-methionine biosynthesis|g__Streptococcus.s__Streptococcus_salivarius	0.5923163554
GLUCONEO-PWY: gluconeogenesis I	0.0000000000
GLUCONEO-PWY: gluconeogenesis I|unclassified	0.0000000000
PWY4FS-7: phosphatidylglycerol biosynthesis I (plastidic)	0.0000000000
PWY4FS-7: phosphatidylglycerol biosynthesis I (plastidic)|unclassified	0.0000000000
PWY4FS-8: phosphatidylglycerol biosynthesis II (non-plastidic)	0.0000000000
PWY4FS-8: phosphatidylglycerol biosynthesis II (non-plastidic)|unclassified	0.0000000000
PWY-6147: 6-hydroxymethyl-dihydropterin diphosphate biosynthesis I	0.0000000000
PWY-6147: 6-hydroxymethyl-dihydropterin diphosphate biosynthesis I|g__Prevotella.s__Prevotella_copri	0.1204261668
PWY-6147: 6-hydroxymethyl-dihydropterin diphosphate biosynthesis I|unclassified	0.0000000000
PWY-7187: pyrimidine deoxyribonucleotides de novo biosynthesis II	0.0000000000
PWY-7187: pyrimidine deoxyribonucleotides de novo biosynthesis II|unclassified	0.0000000000
PWY-7357: thiamin formation from pyrithiamine and oxythiamine (yeast)	0.0000000000
PWY-7357: thiamin formation from pyrithiamine and oxythiamine (yeast)|unclassified	0.0000000000
PWY-7357: thiamin formation from pyrithiamine and oxythiamine (yeast)|g__Prevotella.s__Prevotella_copri	0.0000000000
PWY-7357: thiamin formation from pyrithiamine and oxythiamine (yeast)|g__Ruminococcus.s__Ruminococcus_bromii	0.1268839780
PWY-7357: thiamin formation from pyrithiamine and oxythiamine (yeast)|g__Treponema.s__Treponema_succinifaciens	0.1618470008
PWY-7357: thiamin formation from pyrithiamine and oxythiamine (yeast)|g__Roseburia.s__Roseburia_inulinivorans	0.2223738802
PWY-7357: thiamin formation from pyrithiamine and oxythiamine (yeast)|g__Dorea.s__Dorea_formicigenerans	0.6253692889
PWY-7357: thiamin formation from pyrithiamine and oxythiamine (yeast)|g__Eubacterium.s__Eubacterium_rectale	0.4791365776
PWY-7357: thiamin formation from pyrithiamine and oxythiamine (yeast)|g__Coprococcus.s__Coprococcus_catus	0.5184212949
MET-SAM-PWY: superpathway of S-adenosyl-L-methionine biosynthesis	0.0000000000
MET-SAM-PWY: superpathway of S-adenosyl-L-methionine biosynthesis|unclassified	0.0000000000
MET-SAM-PWY: superpathway of S-adenosyl-L-methionine biosynthesis|g__Ruminococcus.s__Ruminococcus_bromii	0.0616371890
MET-SAM-PWY: superpathway of S-adenosyl-L-methionine biosynthesis|g__Streptococcus.s__Streptococcus_salivarius	0.5765918274
PWY-6317: galactose degradation I (Leloir pathway)	0.0000000000
PWY-6317: galactose degradation I (Leloir pathway)|unclassified	0.0000000000
PWY-6317: galactose degradation I (Leloir pathway)|g__Ruminococcus.s__Ruminococcus_bromii	0.0542634670
PWY-6317: galactose degradation I (Leloir pathway)|g__Treponema.s__Treponema_succinifaciens	0.2625030848
PWY-6317: galactose degradation I (Leloir pathway)|g__Faecalibacterium.s__Faecalibacterium_prausnitzii	0.3807081725
PWY66-422: D-galactose degradation V (Leloir pathway)	0.0000000000
PWY66-422: D-galactose degradation V (Leloir pathway)|unclassified	0.0000000000
PWY66-422: D-galactose degradation V (Leloir pathway)|g__Ruminococcus.s__Ruminococcus_bromii	0.0542634670
PWY66-422: D-galactose degradation V (Leloir pathway)|g__Treponema.s__Treponema_succinifaciens	0.2625030848
PWY66-422: D-galactose degradation V (Leloir pathway)|g__Roseburia.s__Roseburia_inulinivorans	0.5228494628
PWY66-422: D-galactose degradation V (Leloir pathway)|g__Faecalibacterium.s__Faecalibacterium_prausnitzii	0.3807081725
PWY66-422: D-galactose degradation V (Leloir pathway)|g__Erysipelotrichaceae_noname.s__Eubacterium_biforme	0.3091971863
PWY66-422: D-galactose degradation V (Leloir pathway)|g__Eubacterium.s__Eubacterium_rectale	0.2353397984
GLYCOLYSIS: glycolysis I (from glucose 6-phosphate)	0.0000000000
GLYCOLYSIS: glycolysis I (from glucose 6-phosphate)|unclassified	0.0000000000
ANAEROFRUCAT-PWY: homolactic fermentation	0.0000000000
ANAEROFRUCAT-PWY: homolactic fermentation|unclassified	0.0000000000
PWY-6168: flavin biosynthesis III (fungi)	0.0000000000
PWY-6168: flavin biosynthesis III (fungi)|unclassified	0.0000000000
PWY66-400: glycolysis VI (metazoan)	0.0000000000
PWY66-400: glycolysis VI (metazoan)|unclassified	0.0000000000
PWY66-400: glycolysis VI (metazoan)|g__Treponema.s__Treponema_succinifaciens	0.0713508664
PWY0-166: superpathway of pyrimidine deoxyribonucleotides de novo biosynthesis (E. coli)	0.0000000000
PWY0-166: superpathway of pyrimidine deoxyribonucleotides de novo biosynthesis (E. coli)|unclassified	0.0000000000
HOMOSER-METSYN-PWY: L-methionine biosynthesis I	0.0000000000
HOMOSER-METSYN-PWY: L-methionine biosynthesis I|unclassified	0.0000000000
HOMOSER-METSYN-PWY: L-methionine biosynthesis I|g__Ruminococcus.s__Ruminococcus_bromii	0.4643553317
HOMOSER-METSYN-PWY: L-methionine biosynthesis I|g__Treponema.s__Treponema_succinifaciens	0.4022415248
HOMOSER-METSYN-PWY: L-methionine biosynthesis I|g__Streptococcus.s__Streptococcus_salivarius	0.6181569083
HSERMETANA-PWY: L-methionine biosynthesis III	0.0000000000
HSERMETANA-PWY: L-methionine biosynthesis III|unclassified	0.0000000000
HSERMETANA-PWY: L-methionine biosynthesis III|g__Treponema.s__Treponema_succinifaciens	0.4255360174
HSERMETANA-PWY: L-methionine biosynthesis III|g__Methanobrevibacter.s__Methanobrevibacter_smithii	0.4690693177
PWY0-162: superpathway of pyrimidine ribonucleotides de novo biosynthesis	0.0000000000
PWY0-162: superpathway of pyrimidine ribonucleotides de novo biosynthesis|unclassified	0.0000000000
PWY-5659: GDP-mannose biosynthesis	0.0000000000
PWY-5659: GDP-mannose biosynthesis|unclassified	0.0000000000
PWY-5659: GDP-mannose biosynthesis|g__Faecalibacterium.s__Faecalibacterium_prausnitzii	0.5512158710
PWY-5659: GDP-mannose biosynthesis|g__Treponema.s__Treponema_succinifaciens	0.1237008823
PWY-5659: GDP-mannose biosynthesis|g__Ruminococcus.s__Ruminococcus_champanellensis	0.7819124063
HISTSYN-PWY: L-histidine biosynthesis	0.0000000000
HISTSYN-PWY: L-histidine biosynthesis|unclassified	0.0000000000
HISTSYN-PWY: L-histidine biosynthesis|g__Ruminococcus.s__Ruminococcus_bromii	0.0156262132
HISTSYN-PWY: L-histidine biosynthesis|g__Ruminococcus.s__Ruminococcus_champanellensis	0.3839233389
PWY0-1296: purine ribonucleosides degradation	0.0000000000
PWY0-1296: purine ribonucleosides degradation|unclassified	0.0000000000
PWY0-1296: purine ribonucleosides degradation|g__Faecalibacterium.s__Faecalibacterium_prausnitzii	0.5898023549
PWY0-1296: purine ribonucleosides degradation|g__Roseburia.s__Roseburia_inulinivorans	0.6455172681
PWY0-1296: purine ribonucleosides degradation|g__Eubacterium.s__Eubacterium_ramulus	0.7752290954
PWY0-1296: purine ribonucleosides degradation|g__Phascolarctobacterium.s__Phascolarctobacterium_succinatutens	0.0004437625
PWY0-1296: purine ribonucleosides degradation|g__Coprococcus.s__Coprococcus_catus	0.4958329267
PWY-7282: 4-amino-2-methyl-5-phosphomethylpyrimidine biosynthesis (yeast)	0.0000000000
PWY-7282: 4-amino-2-methyl-5-phosphomethylpyrimidine biosynthesis (yeast)|unclassified	0.0000000000
PWY-6527: stachyose degradation	0.0000000000
PWY-6527: stachyose degradation|unclassified	0.0000000000
PWY-6527: stachyose degradation|g__Faecalibacterium.s__Faecalibacterium_prausnitzii	0.0016072636
PWY-7197: pyrimidine deoxyribonucleotide phosphorylation	0.0000000000
PWY-7197: pyrimidine deoxyribonucleotide phosphorylation|unclassified	0.0000000000
PWY-7197: pyrimidine deoxyribonucleotide phosphorylation|g__Treponema.s__Treponema_succinifaciens	0.0080375160
PWY-5484: glycolysis II (from fructose 6-phosphate)	0.0000000000
PWY-5484: glycolysis II (from fructose 6-phosphate)|unclassified	0.0000000000
PWY-7220: adenosine deoxyribonucleotides de novo biosynthesis II	0.0000000000
PWY-7220: adenosine deoxyribonucleotides de novo biosynthesis II|unclassified	0.0000000000
PWY-7220: adenosine deoxyribonucleotides de novo biosynthesis II|g__Faecalibacterium.s__Faecalibacterium_prausnitzii	0.0006897503
PWY-7222: guanosine deoxyribonucleotides de novo biosynthesis II	0.0000000000
PWY-7222: guanosine deoxyribonucleotides de novo biosynthesis II|unclassified	0.0000000000
PWY-7222: guanosine deoxyribonucleotides de novo biosynthesis II|g__Faecalibacterium.s__Faecalibacterium_prausnitzii	0.0006897503
DAPLYSINESYN-PWY: L-lysine biosynthesis I	0.0000000000
DAPLYSINESYN-PWY: L-lysine biosynthesis I|unclassified	0.0000000000
PWY-7184: pyrimidine deoxyribonucleotides de novo biosynthesis I	0.0000000000
PWY-7184: pyrimidine deoxyribonucleotides de novo biosynthesis I|unclassified	0.0000000000
PWY0-781: aspartate superpathway	0.0000000000
GLYCOGENSYNTH-PWY: glycogen biosynthesis I (from ADP-D-Glucose)	0.0000000000
GLYCOGENSYNTH-PWY: glycogen biosynthesis I (from ADP-D-Glucose)|unclassified	0.0000000000
PWY-5154: L-arginine biosynthesis III (via N-acetyl-L-citrulline)	0.0000000000
ARGSYNBSUB-PWY: L-arginine biosynthesis II (acetyl cycle)	0.0000000000
ARGSYNBSUB-PWY: L-arginine biosynthesis II (acetyl cycle)|g__Treponema.s__Treponema_succinifaciens	0.1378553575
P4-PWY: superpathway of L-lysine, L-threonine and L-methionine biosynthesis I	0.0000000000
PWY-6545: pyrimidine deoxyribonucleotides de novo biosynthesis III	0.0000000000
PWY-6545: pyrimidine deoxyribonucleotides de novo biosynthesis III|unclassified	0.0000000000
PWY-5188: tetrapyrrole biosynthesis I (from glutamate)	0.0000000000
PWY-5188: tetrapyrrole biosynthesis I (from glutamate)|g__Ruminococcus.s__Ruminococcus_bromii	0.1091639224
PWY-5188: tetrapyrrole biosynthesis I (from glutamate)|g__Phascolarctobacterium.s__Phascolarctobacterium_succinatutens	0.0585999339
PWY-6703: preQ0 biosynthesis	0.0000000000
PWY-6703: preQ0 biosynthesis|unclassified	0.0000000000
HISDEG-PWY: L-histidine degradation I	0.0000000000
HISDEG-PWY: L-histidine degradation I|unclassified	0.0000000000
RHAMCAT-PWY: L-rhamnose degradation I	0.0000000000
RHAMCAT-PWY: L-rhamnose degradation I|unclassified	0.0000000000
RHAMCAT-PWY: L-rhamnose degradation I|g__Faecalibacterium.s__Faecalibacterium_prausnitzii	0.1138256091
PWY-7383: anaerobic energy metabolism (invertebrates, cytosol)	0.0000000000
PWY-7383: anaerobic energy metabolism (invertebrates, cytosol)|unclassified	0.0000000000
PWY66-399: gluconeogenesis III	0.0000000000
PWY66-399: gluconeogenesis III|unclassified	0.0000000000
PWY-1269: CMP-3-deoxy-D-manno-octulosonate biosynthesis I	0.0000000000
PWY-1269: CMP-3-deoxy-D-manno-octulosonate biosynthesis I|unclassified	0.0000000000
GLUCUROCAT-PWY: superpathway of &beta;-D-glucuronide and D-glucuronate degradation	0.0000000000
GLUCUROCAT-PWY: superpathway of &beta;-D-glucuronide and D-glucuronate degradation|unclassified	0.0000000000
GLUCUROCAT-PWY: superpathway of &beta;-D-glucuronide and D-glucuronate degradation|g__Faecalibacterium.s__Faecalibacterium_prausnitzii	0.9232067038
PWY-5177: glutaryl-CoA degradation	0.0000000000
PWY-5177: glutaryl-CoA degradation|unclassified	0.0000000000
PWY-5177: glutaryl-CoA degradation|g__Faecalibacterium.s__Faecalibacterium_prausnitzii	0.0614830228
RIBOSYN2-PWY: flavin biosynthesis I (bacteria and plants)	0.0000000000
PWY-7539: 6-hydroxymethyl-dihydropterin diphosphate biosynthesis III (Chlamydia)	0.0000000000
PWY-7539: 6-hydroxymethyl-dihydropterin diphosphate biosynthesis III (Chlamydia)|unclassified	0.0000000000
GALACTUROCAT-PWY: D-galacturonate degradation I	0.0000000000
GALACTUROCAT-PWY: D-galacturonate degradation I|unclassified	0.0000000000
GALACTUROCAT-PWY: D-galacturonate degradation I|g__Faecalibacterium.s__Faecalibacterium_prausnitzii	0.9501584747
TCA: TCA cycle I (prokaryotic)	0.0000000000
PWY0-845: superpathway of pyridoxal 5'-phosphate biosynthesis and salvage	0.0000000000
PWY0-845: superpathway of pyridoxal 5'-phosphate biosynthesis and salvage|unclassified	0.0000000000
PWY-5101: L-isoleucine biosynthesis II	0.0000000000
PWY-5101: L-isoleucine biosynthesis II|unclassified	0.0000000000
PWY-5101: L-isoleucine biosynthesis II|g__Treponema.s__Treponema_succinifaciens	0.2538558708
PWY-5101: L-isoleucine biosynthesis II|g__Methanobrevibacter.s__Methanobrevibacter_smithii	0.3786843865
GLUTORN-PWY: L-ornithine biosynthesis	0.0000000000
GLUTORN-PWY: L-ornithine biosynthesis|g__Treponema.s__Treponema_succinifaciens	0.0240336444
THISYNARA-PWY: superpathway of thiamin diphosphate biosynthesis III (eukaryotes)	0.0000000000
THISYNARA-PWY: superpathway of thiamin diphosphate biosynthesis III (eukaryotes)|g__Dorea.s__Dorea_formicigenerans	0.2740554290
GALACT-GLUCUROCAT-PWY: superpathway of hexuronide and hexuronate degradation	0.0000000000
GALACT-GLUCUROCAT-PWY: superpathway of hexuronide and hexuronate degradation|unclassified	0.0000000000
GALACT-GLUCUROCAT-PWY: superpathway of hexuronide and hexuronate degradation|g__Faecalibacterium.s__Faecalibacterium_prausnitzii	0.9327588856
PWY-6969: TCA cycle V (2-oxoglutarate:ferredoxin oxidoreductase)	0.0000000000
PWY-6507: 4-deoxy-L-threo-hex-4-enopyranuronate degradation	0.0000000000
PWY-6507: 4-deoxy-L-threo-hex-4-enopyranuronate degradation|unclassified	0.0000000000
PWY-6507: 4-deoxy-L-threo-hex-4-enopyranuronate degradation|g__Faecalibacterium.s__Faecalibacterium_prausnitzii	0.8927039517
PWY-7242: D-fructuronate degradation	0.0000000000
PWY-7242: D-fructuronate degradation|unclassified	0.0000000000
PWY-7242: D-fructuronate degradation|g__Faecalibacterium.s__Faecalibacterium_prausnitzii	0.9709467056
PWY-6270: isoprene biosynthesis I	0.0000000000
P108-PWY: pyruvate fermentation to propanoate I	0.0000000000
P108-PWY: pyruvate fermentation to propanoate I|unclassified	0.0000000000
PWY-5104: L-isoleucine biosynthesis IV	0.0000000000
PWY-5104: L-isoleucine biosynthesis IV|unclassified	0.0000000000
PWY-5104: L-isoleucine biosynthesis IV|g__Methanobrevibacter.s__Methanobrevibacter_smithii	0.5452532957
PWY0-1586: peptidoglycan maturation (meso-diaminopimelate containing)	0.0000000000
PWY0-1586: peptidoglycan maturation (meso-diaminopimelate containing)|g__Treponema.s__Treponema_succinifaciens	0.5892565325
PWY0-1586: peptidoglycan maturation (meso-diaminopimelate containing)|g__Ruminococcus.s__Ruminococcus_champanellensis	0.6689464519
PWY0-1586: peptidoglycan maturation (meso-diaminopimelate containing)|g__Streptococcus.s__Streptococcus_salivarius	0.8513869537
PWY0-1586: peptidoglycan maturation (meso-diaminopimelate containing)|g__Faecalibacterium.s__Faecalibacterium_prausnitzii	0.0782631859
PWY66-409: superpathway of purine nucleotide salvage	0.0000000000
P42-PWY: incomplete reductive TCA cycle	0.0000000000
P42-PWY: incomplete reductive TCA cycle|unclassified	0.0000000000
P42-PWY: incomplete reductive TCA cycle|g__Methanobrevibacter.s__Methanobrevibacter_smithii	0.7443222291
PYRIDOXSYN-PWY: pyridoxal 5'-phosphate biosynthesis I	0.0000000000
PYRIDOXSYN-PWY: pyridoxal 5'-phosphate biosynthesis I|unclassified	0.0000000000
PANTOSYN-PWY: pantothenate and coenzyme A biosynthesis I	0.0000000000
PWY-7560: methylerythritol phosphate pathway II	0.0000000000
SULFATE-CYS-PWY: superpathway of sulfate assimilation and cysteine biosynthesis	0.0000000000
SULFATE-CYS-PWY: superpathway of sulfate assimilation and cysteine biosynthesis|unclassified	0.0000000000
PWY-5345: superpathway of L-methionine biosynthesis (by sulfhydrylation)	0.0000000000
PWY-5345: superpathway of L-methionine biosynthesis (by sulfhydrylation)|unclassified	0.0000000000
PWY-5189: tetrapyrrole biosynthesis II (from glycine)	0.0000000000
PWY-5690: TCA cycle II (plants and fungi)	0.0000000000
PWY-7199: pyrimidine deoxyribonucleosides salvage	0.0000000000
P441-PWY: superpathway of N-acetylneuraminate degradation	0.0000000000
PWY-5505: L-glutamate and L-glutamine biosynthesis	0.0000000000
PWY-5505: L-glutamate and L-glutamine biosynthesis|unclassified	0.0000000000
PWY0-1061: superpathway of L-alanine biosynthesis	0.0000000000
PWY0-1061: superpathway of L-alanine biosynthesis|g__Treponema.s__Treponema_succinifaciens	0.7047366900
PWY-6608: guanosine nucleotides degradation III	0.0000000000
PWY-6608: guanosine nucleotides degradation III|unclassified	0.0000000000
PWY-6608: guanosine nucleotides degradation III|g__Coprococcus.s__Coprococcus_catus	0.4546188425
PPGPPMET-PWY: ppGpp biosynthesis	0.0000000000
PPGPPMET-PWY: ppGpp biosynthesis|unclassified	0.0000000000
COA-PWY: coenzyme A biosynthesis I	0.0000000000
P164-PWY: purine nucleobases degradation I (anaerobic)	0.0000000000
PRPP-PWY: superpathway of histidine, purine, and pyrimidine biosynthesis	0.0000000000
PWY-4242: pantothenate and coenzyme A biosynthesis III	0.0000000000
SALVADEHYPOX-PWY: adenosine nucleotides degradation II	0.0000000000
GLCMANNANAUT-PWY: superpathway of N-acetylglucosamine, N-acetylmannosamine and N-acetylneuraminate degradation	0.0000000000
GLCMANNANAUT-PWY: superpathway of N-acetylglucosamine, N-acetylmannosamine and N-acetylneuraminate degradation|g__Faecalibacterium.s__Faecalibacterium_prausnitzii	0.0767942854
GLCMANNANAUT-PWY: superpathway of N-acetylglucosamine, N-acetylmannosamine and N-acetylneuraminate degradation|g__Dorea.s__Dorea_longicatena	0.3808647773
PWY-6353: purine nucleotides degradation II (aerobic)	0.0000000000
SO4ASSIM-PWY: sulfate reduction I (assimilatory)	0.0000000000
SO4ASSIM-PWY: sulfate reduction I (assimilatory)|unclassified	0.0000000000
ARGININE-SYN4-PWY: L-ornithine de novo  biosynthesis	0.0000000000
ARGININE-SYN4-PWY: L-ornithine de novo  biosynthesis|unclassified	0.0000000000
FERMENTATION-PWY: mixed acid fermentation	0.0000000000
COLANSYN-PWY: colanic acid building blocks biosynthesis	0.0000000000
PWY-6628: superpathway of L-phenylalanine biosynthesis	0.0000000000
PWY-7328: superpathway of UDP-glucose-derived O-antigen building blocks biosynthesis	0.0000000000
PWY0-1297: superpathway of purine deoxyribonucleosides degradation	0.0000000000
PWY0-1297: superpathway of purine deoxyribonucleosides degradation|unclassified	0.0000000000
PWY-5121: superpathway of geranylgeranyl diphosphate biosynthesis II (via MEP)	0.0000000000
COBALSYN-PWY: adenosylcobalamin salvage from cobinamide I	0.0000000000
COBALSYN-PWY: adenosylcobalamin salvage from cobinamide I|g__Eubacterium.s__Eubacterium_rectale	0.4224441096
PWY-7211: superpathway of pyrimidine deoxyribonucleotides de novo biosynthesis	0.0000000000
PWY-5913: TCA cycle VI (obligate autotrophs)	0.0000000000
PWY-621: sucrose degradation III (sucrose invertase)	0.0000000000
PWY-621: sucrose degradation III (sucrose invertase)|g__Faecalibacterium.s__Faecalibacterium_prausnitzii	0.3027375517
PWY-621: sucrose degradation III (sucrose invertase)|g__Eubacterium.s__Eubacterium_rectale	0.2910522413
PWY-621: sucrose degradation III (sucrose invertase)|g__Streptococcus.s__Streptococcus_salivarius	0.4146450091
OANTIGEN-PWY: O-antigen building blocks biosynthesis (E. coli)	0.0000000000
PWY-7392: taxadiene biosynthesis (engineered)	0.0000000000
PWY4LZ-257: superpathway of fermentation (Chlamydomonas reinhardtii)	0.0000000000
PWY-5384: sucrose degradation IV (sucrose phosphorylase)	0.0000000000
PWY-5384: sucrose degradation IV (sucrose phosphorylase)|g__Eubacterium.s__Eubacterium_rectale	0.8271622196
PWY-7323: superpathway of GDP-mannose-derived O-antigen building blocks biosynthesis	0.0000000000
PWY0-1298: superpathway of pyrimidine deoxyribonucleosides degradation	0.0000000000
PWY0-1298: superpathway of pyrimidine deoxyribonucleosides degradation|g__Faecalibacterium.s__Faecalibacterium_prausnitzii	0.3234162486
PWY-7196: superpathway of pyrimidine ribonucleosides salvage	0.0000000000
CRNFORCAT-PWY: creatinine degradation I	0.0000000000
P161-PWY: acetylene degradation	0.0000000000
P161-PWY: acetylene degradation|unclassified	0.0000000000
PWY-6305: putrescine biosynthesis IV	0.0000000000
PWY-6305: putrescine biosynthesis IV|g__Blautia.s__Ruminococcus_obeum	0.4112196591
PWY-6606: guanosine nucleotides degradation II	0.0000000000
PWY-5989: stearate biosynthesis II (bacteria and plants)	0.0000000000
PWY-7234: inosine-5'-phosphate biosynthesis III	0.0000000000
PWY-7234: inosine-5'-phosphate biosynthesis III|g__Streptococcus.s__Streptococcus_salivarius	0.6475431521
1CMET2-PWY: N10-formyl-tetrahydrofolate biosynthesis	0.0000000000
PWY-6803: phosphatidylcholine acyl editing	0.0000000000
PWY-6803: phosphatidylcholine acyl editing|unclassified	0.0000000000
PWY-5464: superpathway of cytosolic glycolysis (plants), pyruvate dehydrogenase and TCA cycle	0.0000000000
CITRULBIO-PWY: L-citrulline biosynthesis	0.0000000000
PWY-241: C4 photosynthetic carbon assimilation cycle, NADP-ME type	0.0000000000
P162-PWY: L-glutamate degradation V (via hydroxyglutarate)	0.0000000000
POLYISOPRENSYN-PWY: polyisoprenoid biosynthesis (E. coli)	0.0000000000
UDPNAGSYN-PWY: UDP-N-acetyl-D-glucosamine biosynthesis I	0.0000000000
UDPNAGSYN-PWY: UDP-N-acetyl-D-glucosamine biosynthesis I|g__Ruminococcus.s__Ruminococcus_champanellensis	0.2541564480
PWY-4984: urea cycle	0.0000000000
PWY-5367: petroselinate biosynthesis	0.0000000000
PWY-5367: petroselinate biosynthesis|g__Eubacterium.s__Eubacterium_rectale	0.6506407680
FAO-PWY: fatty acid &beta;-oxidation I	0.0000000000
P621-PWY: nylon-6 oligomer degradation	0.0000000000
REDCITCYC: TCA cycle VIII (helicobacter)	0.0000000000
POLYAMSYN-PWY: superpathway of polyamine biosynthesis I	0.0000000000
PWY-6859: all-trans-farnesol biosynthesis	0.0000000000
PWY-6859: all-trans-farnesol biosynthesis|g__Streptococcus.s__Streptococcus_salivarius	0.5271189870
PWY-7117: C4 photosynthetic carbon assimilation cycle, PEPCK type	0.0000000000
PWY-3841: folate transformations II	0.0000000000
PWY-7003: glycerol degradation to butanol	0.0000000000
PWY-5136: fatty acid &beta;-oxidation II (peroxisome)	0.0000000000
PWY-7007: methyl ketone biosynthesis	0.0000000000
PWY-5676: acetyl-CoA fermentation to butanoate II	0.0000000000
P125-PWY: superpathway of (R,R)-butanediol biosynthesis	0.0000000000
P125-PWY: superpathway of (R,R)-butanediol biosynthesis|g__Streptococcus.s__Streptococcus_salivarius	0.7908207823
PWY-6588: pyruvate fermentation to acetone	0.0000000000
METHANOGENESIS-PWY: methanogenesis from H2 and CO2	0.0000000000
METHANOGENESIS-PWY: methanogenesis from H2 and CO2|g__Methanobrevibacter.s__Methanobrevibacter_smithii	0.7314379853
PWY-5173: superpathway of acetyl-CoA biosynthesis	0.0000000000
PWY-5173: superpathway of acetyl-CoA biosynthesis|g__Streptococcus.s__Streptococcus_salivarius	0.6664116699
PWY-5022: 4-aminobutanoate degradation V	0.0000000000
PWY-6396: superpathway of 2,3-butanediol biosynthesis	0.0000000000
PWY-6396: superpathway of 2,3-butanediol biosynthesis|g__Streptococcus.s__Streptococcus_salivarius	0.6869410920
P185-PWY: formaldehyde assimilation III (dihydroxyacetone cycle)	0.0000000000
GOLPDLCAT-PWY: superpathway of glycerol degradation to 1,3-propanediol	0.0000000000
PWY-4041: &gamma;-glutamyl cycle	0.0000000000
PWY-4041: &gamma;-glutamyl cycle|g__Streptococcus.s__Streptococcus_salivarius	0.5508183803
LACTOSECAT-PWY: lactose and galactose degradation I	0.0000000000